,channel_id,clusters
0,50% anual warren buffett,1
1,Abdulrahman Al-Majed,0
2,Arabic,2
3,Quran,1
4,Recitation,1
5,Surah An-Nur,0
6,Surah Ar-Rahman,1
7,The Beneficent,2
8,The Light,2
9,UC-01WyZQS8VVa-ozwIpn2dw,2
10,UC-1ZY8bY46rX3ySgG3Qyn3g,2
11,UC-4BLoCa4Yvxq-BpHziIkXA,2
12,UC-4odbEuLYVno3NSt27dhfw,2
13,UC-6XfK_La__cSMqfPxlLMDA,2
14,UC-BAJMLqdQQygHOzaP89CIg,2
15,UC-BiB7G6buO2glppQ0_VnlA,2
16,UC-C0GAeQm_9cqBj7eOK7l6g,2
17,UC-G-MGwe9vGtEgONYJLfouQ,2
18,UC-JMR4p7jV7uvBx2pj-1GFQ,2
19,UC-MEJ4LF58epfogBKDQO9Dw,2
20,UC-MoKDIfJoUSowRlxk1TSEQ,1
21,UC-Mv5IaDuufnCDeJ1DZ-ycA,2
22,UC-N0tUOFe5BrPi4Zy_VRIew,2
23,UC-St_GliyFpUxqJAXbNxSAQ,1
24,UC-TiQOAoj77j18jsFkTxXog,2
25,UC-W--yg5TXTNYKT5tSAaP6A,2
26,UC-ZF4stTBnYz9v2eR21MT5Q,2
27,UC-aBMXK4ikhkQdDDy_W1kvg,1
28,UC-aEgMf18M6lEBKrgk9KMAA,2
29,UC-dyYKpCRb5ZbZKv7x8UXyw,2
30,UC-lVlFup88QEZsSBJgD8qsA,2
31,UC-m706G5soAhmgsUDp7G7-Q,2
32,UC-mT4cl-HYqFqo6-UZpNtTg,2
33,UC-oxdbBmrzmYdmUs4LLJNRA,2
34,UC-qnIJz_VjFKFygqNEQ2hBw,2
35,UC-ujWstsg_kGdToI_4UJNMw,2
36,UC-wgIlUEshLbrXdUGQ8FYBg,2
37,UC02E6RsUBzn2Xn9wpR7w7Bw,2
38,UC02eZXsDaFpYwXHBq-2ZqrA,2
39,UC05RcMmCKKhx-MCpkSscckA,2
40,UC086HeQzBHKGwGAvAhvT-_A,0
41,UC0BM4EaWKbsMQqxjgjKOmTw,2
42,UC0CD-3_fmnMrZCIMso4tntw,2
43,UC0CmLTCT5Luku4GOP9P6hQQ,2
44,UC0IVRRrfMfGdC4prIZ47KaQ,2
45,UC0JUkSxE6SSstGg689lBjRA,2
46,UC0J_reLye8uQp45LWocECow,2
47,UC0MMa1utqk9kHdhq5rvCvrQ,2
48,UC0QDROSbr-QFoMA1Bhua2Hw,2
49,UC0R3ZWB8mfDDb_0Ysb6vkJw,2
50,UC0Tf8LUUtL3E24Dr28vXkbA,2
51,UC0Uk8NnnFUtzzqGKmF54b6w,2
52,UC0VvS-sN_FXxILXdEQDcacA,2
53,UC0_k1fZuKNY6YINFTBfDuyA,1
54,UC0aere1Knz9vyo6hbMDU3IQ,0
55,UC0bsqKE2JQiphevgewPq-eQ,1
56,UC0cnk1o7fdKbWOHlEj6KCHw,1
57,UC0dusGTZg1jQ8mpQIZnmpeA,2
58,UC0dzA1LF2rQnILaXeftRMAw,1
59,UC0eUEIKsRhcTRD5melye6Tg,0
60,UC0fr2RVyzeIoe9nV0Oax2tg,1
61,UC0jeFy9vmNdli9eW0dVGqVw,2
62,UC0nDLjSATOFEu364y3ax4ow,2
63,UC0nbk574pDuivc6GV5Hrqfg,2
64,UC0ojPeb_pAoq4nhaP-6TnDg,1
65,UC0rsmwJvLDiocOZ01Kn_u4A,1
66,UC0rw1pCbwAX5hklYejTnQvw,2
67,UC0twBwbgLJBckBT_pPcvM6A,2
68,UC0zPN32Aq-nzq_mMkwNWGVQ,2
69,UC13AGxW0HsbQz4KrFknpRRg,2
70,UC17K1uqWM4wSiEzfYsNuScA,2
71,UC19hxVONh2JleRhCt8WdlWg,2
72,UC1C-WczieulJZyLLJJcOrfg,2
73,UC1E0003Kobtt6e7IGMnm0IQ,2
74,UC1EfZUtOoxPJWQ_8c23oCXw,2
75,UC1FALWtj9rbJLNztNL3-AEQ,2
76,UC1HHNHbhmVNa2z88rYUnlJw,2
77,UC1HgQ1q6SkO7GoAvDE_foJA,2
78,UC1IAwjQsczLdP9LFAIDRigA,1
79,UC1ID8XznDowlXY-hPLVlOUw,2
80,UC1KE920h_oTrrfMNOSuhHOw,1
81,UC1PavOeV00RyOyqp4MW9RnA,2
82,UC1SbuHSvOHgXlPoDpCDLAyA,1
83,UC1V0wdblJ0bRdYEl6vgBpVg,2
84,UC1VNhzb6R5wH4tNifSCpNPQ,0
85,UC1Wltzyz_XLhtp2MAyd54Mg,1
86,UC1YKcUZug0DDWPfXrJo-Gfg,2
87,UC1_XqtaAckY5_V4z0CIQNuw,2
88,UC1_eJhwTj236qwSl4qrkjEw,2
89,UC1d9Act05IIN0xRQFBOXFtg,1
90,UC1hd080CCFqtThFJGEN9h1Q,2
91,UC1mGMn0IHKnhgx_tdLmHvMw,2
92,UC1o5tmhHOdYti-uLpupwz7g,2
93,UC1of8hlYN2AWBsTnWfXB74Q,2
94,UC1onk5MWojE_jY9OnlZATUg,2
95,UC1pcuvEBItdJaC1LEETMcXQ,1
96,UC1s1BqFBnYzMyBwQlHqKlvg,2
97,UC1sc4fhsM0x1ChM9C2VIV_A,2
98,UC1u5TlL7hvIdHYlx9DdTdKQ,2
99,UC1uceTv30dKh4galmY5p9VA,2
100,UC1uxonLGDfSeItaLkZkeQiw,2
101,UC1wDLug68zRlfPVwghb-OvQ,2
102,UC1zOABKBAAjsyyVvULQLlig,2
103,UC2-3oFTUxgcbgAp6qRS1W_Q,2
104,UC21FXOxyBaAs_R8t-118kJA,2
105,UC23jZDwgXFER7CkPRBxPCgA,1
106,UC25DHbzgwvprEiazvPEE8rg,1
107,UC25GlHx7gTd70yrta7INRlg,2
108,UC25KUObFw4-7tE0OPLdGjbQ,2
109,UC27jWvRPgCGKpvMBB1U0ivg,2
110,UC27syTY_15ep46snZs_dS3g,2
111,UC28GOOsi7wBzX3O9RecvfvQ,2
112,UC29ZV287wlca8Bd-nkX7G0Q,2
113,UC2DMosupdwaKaPOrBsZgoIg,2
114,UC2Euc5KLT_FrNhJ8yq-Zg6w,2
115,UC2GvUPVjYNaXmMzDpG0gnMg,2
116,UC2H9Rf5Uyp-CyN14eZN2Qcw,2
117,UC2I8JtPgyGeWf8AxtrsiN9A,2
118,UC2KEIEt6TjhLd1fV0lRndxg,1
119,UC2OpFBhabwG0kyKAP59jpcA,2
120,UC2SlN_RU6MPcCWrVjgWbpaA,2
121,UC2UTcM5LZyCeBd9Hq1R-mfA,2
122,UC2WN2j9ZzvzRY-fDpfIcIlg,2
123,UC2Y49i-pvXKi18Ds-PWSMGw,0
124,UC2_Y0GD6izciwbLI5ZLfBCQ,2
125,UC2_ybSGofeDKySe4tVec9CQ,1
126,UC2efTngru-fBqPhawbhq1zA,2
127,UC2fjzysE6By1_vBdxn7RZBA,2
128,UC2gF8dwDMoE_pYyNgy9O9uQ,2
129,UC2iDvrxfdmg93luouAUOP2w,2
130,UC2jo33DryHwPh0kWrWNrtAg,1
131,UC2jyw4HwyeLW-reRyVJs_hg,2
132,UC2kXahISE317Z_zQJsMX5Hg,2
133,UC2nSNF_24upKF-dwAnJprQA,2
134,UC2pLwlnGlxylskIM57iH70Q,1
135,UC2ppUEkwXUL2UcUIWhIxzIA,2
136,UC2r2yUtwfL7CmN9mpzzEZMg,2
137,UC2u72PWcHEWei7O1l3ZHgRw,0
138,UC2uI-W3qti89WyP1x676t8g,0
139,UC2xUW-xJm49AtXgwjMXXkIw,1
140,UC3-RcWhHbjmk47IW0CA2Z-A,2
141,UC310aJFjr6Gn9mGZjMZ2VTQ,2
142,UC31qHtAP74qcamZFzr-Qw9w,2
143,UC32_qm7ebP6L6oQn0DyUUcw,2
144,UC33JmaiHeJ3OcHydKnO955g,1
145,UC35O5VJtcDAnGYHIAeqhn_A,2
146,UC36V1yBEnsfsHax2y-uw8xw,0
147,UC37EmW5JKkeAdd_gilLkh4Q,2
148,UC382uvzattsT-zJnerlM_tQ,2
149,UC398qFjhupXKQrQHgVbhyeg,2
150,UC3B_-C_QQZg7YCfrznoHrVQ,2
151,UC3DlBH-xfffI5noUXBdDWOQ,1
152,UC3Ep5AaTCHs-OSj8zARivUQ,1
153,UC3Er8grRUxc2-XgO30Fv73g,1
154,UC3FQdSk3Si5mHYgfPz-3DRw,1
155,UC3GZI9fqUy4TJJ5_LXj-YJA,0
156,UC3Hir1qM-EEZO1OvD4FRXsw,1
157,UC3J3_yhIoKgo3MV-nUkRu7w,2
158,UC3K6F4lETMkLuJkHAcehwxA,1
159,UC3Lt5mRUs9nT0PzxvQYXhuA,2
160,UC3QWCiXx1sAMET3yLPBjEXg,2
161,UC3TnjkACrnSI-7gd5AKK6SQ,0
162,UC3W6VvlXILusax8gBcxwX_A,2
163,UC3XBCQs5zO_X8RnnO73CfHA,1
164,UC3YhpMbTVVPsDi0n4A2aL6g,1
165,UC3_Ovztl6n_mGmjP4x32O5Q,2
166,UC3cQWF3e0qcIDEBzCzqp_SQ,1
167,UC3kR49EpfiA6opT5xjWVbcA,1
168,UC3kygq9tAiIRAuhmmA6ZrJw,2
169,UC3l6jDobSxYRdORZ7wiOHzg,2
170,UC3rpTB3Ugx5R7Iq7P3UaCag,1
171,UC3uRN-FK0P-QiTAhwx4g9lA,2
172,UC3zdsaixiD10vWnWtsxDowA,1
173,UC4-2m1TyJ_4Z9QCgB-qQ2yA,1
174,UC40qR93l4ssEXGCcf-Z_Y2Q,2
175,UC44_Sj1cNHl9aksOitulCxQ,1
176,UC49INiu6LagP0jTYd_Q1_zQ,1
177,UC49h6SJc9rGy0coPItNsJ5g,2
178,UC4GtgeVNkbxxPWxlJiaLxCQ,1
179,UC4ItN8VTG1Wl_cVdPrP-XbA,2
180,UC4KlaFd82IghStNA0JflVqQ,2
181,UC4LKSLqF4MLMcMSDfzwsyGA,2
182,UC4NvUwcHNXtcrekrThVtxTA,2
183,UC4PP7GHJgkI-GeUCSa4AkVA,2
184,UC4QJ2y252OJTgsU8a0g13HQ,2
185,UC4S-Fwaa_9m6nR6d5O0i8OQ,2
186,UC4VrzlbLrJgPeA4gftWjfWA,2
187,UC4XwcR0qEB0JbgaU_OgAMuQ,2
188,UC4Y57hBLxOoGZ4B-t06t3Ng,1
189,UC4aSU4wA4GdCgy0GRceGV_w,2
190,UC4cyjIZetKm5aCFVsYv0qLg,2
191,UC4iJ0wsOCkkHor5Od4vXuiw,1
192,UC4nHUQza5Q8Q1DljdlId79w,1
193,UC4riTeS6gWURaANwaIP440w,2
194,UC4rp7cWWE6KbPYVOG1uXYow,1
195,UC4tY93z5eq2U32M4ik1Qm0A,2
196,UC4tayHZCYDP-gupNpVFdMOg,2
197,UC4vQhmJ8fm8TFVfVL358-3A,2
198,UC4vXVFAk9ttaWDr8lua7O9g,2
199,UC4vz7SIm8Zn_HaAYjoYQzQw,2
200,UC4xSVvtMfQbXDpHutCvgZmg,1
201,UC5-M3RKL-4D3Z7xL0XLsbbw,0
202,UC50GLSvVvWRY-8zW22fbxPw,2
203,UC51ZfxOF7pNqKKfu9XOQeEA,2
204,UC53BitwYQHJi0sTbMGavayA,2
205,UC57eEELJS1CSpOyrQ1h__Cg,2
206,UC58VEPrRurYKc2sj8-jTdQQ,2
207,UC58rsny-IrTuUcfK0Uob8JA,2
208,UC59yRDT_DC74W9e05Tyr3WQ,2
209,UC5A4teOMJ9xj54GlPYhXOxA,2
210,UC5HNABHYrVsweW1sreRVwsw,2
211,UC5Mu91L8hbGdeiDBq1nt8Uw,2
212,UC5TJqjOajkaXYE6KucKt3xA,1
213,UC5XIgzc2Qm7BhWl1vjyQoQQ,2
214,UC5Xoo2XIGtram8yX1stt4Vw,2
215,UC5ZJuvL001PRGWUMYrGDWPg,1
216,UC5b3Kev6VqG5kJBOmUJ2iAA,2
217,UC5cG-Uc-WiEcAjnHF3qfH7Q,2
218,UC5dhNpIK_vwFqDgwGWYlMHA,2
219,UC5eEFhextzI8KVAbeYrOA-w,2
220,UC5fLcn3EqsvKH1eMd5hx4_g,2
221,UC5fsX1F6yKmmQ27am70SlMg,0
222,UC5jmiHIu0KjRCyFUcOfYRug,2
223,UC5jtDU0qj9laFViiKe_eWww,2
224,UC5mqe3duuNc2KxZi6w7bEbA,1
225,UC5n-59mHuKv0223dVGi4pWA,2
226,UC5oSaHv4brSEEmfWERMlW6g,2
227,UC5ofM_7gXyAl-tgAWgVIdTw,2
228,UC5s2iwTHSZE57E4ktD-B-rA,2
229,UC5w8y1Gc-v0024SQ5uEheXw,2
230,UC5wBgBQ7f9vBGOeljLVhLxA,1
231,UC5xCtFojUku8YXJduA9Cpkg,1
232,UC5zVIws76r2zbs0CDGYp8kA,2
233,UC5ziksBjLpJI6sigHwQgGIQ,2
234,UC6325T_T9lFnhp6ZEvFyjeg,2
235,UC63_QQICakGyNIWS15vIbGA,2
236,UC64hQYpdupinRlf6lkx96ng,2
237,UC65z6wn_7KUcRhQZ7lggmUA,2
238,UC6AhuKHE0b2SdAnPUFpmFJQ,2
239,UC6GkxARDHa-KFH0R6eWodOw,1
240,UC6HtdFOmItCLICdcOJY8kUQ,2
241,UC6KTR5InRWXgDOAh4fRJ9XA,1
242,UC6LGEm-IEfX3sE_0spJplDA,2
243,UC6OXLcJVr2Z14GFTlkrIy5w,1
244,UC6RJIs72lMI-QFqKO2vJYOw,1
245,UC6UobGVKHHk-Ctv4D2mYuBw,2
246,UC6YqzCuCMdU78zMlToAKAfA,2
247,UC6_COgtp0jD4oU30q2wFn8Q,1
248,UC6cgZvnsfgGXz0qksUd_CXQ,1
249,UC6clTCMJDqBXw-0s5F5h40w,0
250,UC6eFBGgDbGaR_hb-9cyMHiA,2
251,UC6eHATQn1kFRiTtqueZDM8Q,2
252,UC6j-dmMC8Kaken-TP8aSuKw,2
253,UC6jutD4DzduvPk3momRHcGw,2
254,UC6nEUDPNFfnda7VZ84ZlDBw,2
255,UC6psJjjjcb96qsdGYhpqCog,2
256,UC6rIFuANY3MHbHzy--EoyJQ,2
257,UC6xashtIzaVEPfFulMn-xOA,2
258,UC6zfzsnXUSiiuV5DwBPos7w,1
259,UC7-LXS7aeY6Xc7e8nMLU4ZA,1
260,UC71Ha9WK7iAvDiUWwhCKDFw,0
261,UC762dvysP5x-9qcgck2r1mw,2
262,UC7BEqI133Nm4Ie-HN9hxG8Q,2
263,UC7BbRKs_NIXkmXheADvkBVA,1
264,UC7CtM42pq3WFHABDyfkkSmQ,2
265,UC7DnpnQYlyl426I50ZIfc2g,2
266,UC7FFqnxXntKb__0QbdUbDvA,2
267,UC7MyLQARGLFErPHv8GqPgbw,0
268,UC7Owcb5Qo6pic82UiJz5Kxg,2
269,UC7PkzAK5gouaM8lKtxfXQug,2
270,UC7QWH9h63SM1G-n3a14fL5A,1
271,UC7TOXYYvTFYwqFg7QX5PwbA,1
272,UC7VTy8eGUERFptyED4G7LPw,2
273,UC7YZMq8vswg8LCB8ss_XM-g,1
274,UC7ZFpmH5H0DKzaPM1jHU0oA,0
275,UC7gfp11POCHhDqpYC3ApAfQ,2
276,UC7hdnt3pWu0AnmGJ3dMI1eA,2
277,UC7knb2tYQ1NYw2uCBXd25iQ,1
278,UC7lzKCNzwhNKka93ZsG0FVg,1
279,UC7p_SFFF-baOz1BckEObPtQ,2
280,UC7pofDFiujNVkajo_pveruw,2
281,UC7poyrqlfjxYUYV3eHPHteA,2
282,UC7qCEUvE9Dt9sCTL-M2DtKQ,2
283,UC7rHbrGyPvs5wFfSC6lw9gg,0
284,UC7sa8EbTu-sIhiXr1Ypz-PA,2
285,UC7uEPWuh1AJjf3Gl-dSh8Sg,2
286,UC7zjRE-Ggg3xbWO5uGicNGA,2
287,UC8-x5n2OUIqZc3hxeOlkOSg,2
288,UC81s8eUDb7gJcRIwjuodA-A,2
289,UC82VglccCenAIidYkE7QQjw,2
290,UC84NF8c2h0PIlUpT4ToOeyg,2
291,UC84q56iWjRLHemp89e4_GKw,2
292,UC85PjpYOeA6hXhN2cHuFpRA,0
293,UC892_AAjyrDhm6cINIU1ZvQ,2
294,UC8EQAfueDGNeqb1ALm0LjHA,1
295,UC8JtU9wkq37glMYiokkl_7w,2
296,UC8MAZqi85yvv2OVd1vyJwcg,2
297,UC8Nkv_XC9dbHzl3WZ1ajH2g,1
298,UC8PMaZgvPWRsYrDvuBuao_A,1
299,UC8P_DjU9UOiH9l87aEIWvWA,0
300,UC8Ptb02QQOmPWLia5HzOikA,2
301,UC8Q3k0QVRtUTmfOMx7mbBYg,2
302,UC8TdyCXW3l9CL_vrbtiRTlw,2
303,UC8X2idvX7Ke1lN1DAc8yYXg,2
304,UC8Y-lZxGLWmmQ_hFh9FQK_Q,2
305,UC8ZNLH0-cucS0k2SlrAkaeQ,1
306,UC8Zsm95QX_Db1w6lg4iMnbw,1
307,UC8bb7WEoYI9MhGHqTEmmdTA,2
308,UC8cbWVUKfGS_HAmqkGT4sTg,2
309,UC8clK74x8FAoFaFLGzsJu9w,2
310,UC8eZEb1g3MHjO0_hUCrmUJQ,2
311,UC8hah_7b85KhVCrtfeCcuzQ,2
312,UC8j-EAPqvMQ_VhjGcLio_7A,2
313,UC8jPC5KhTA7jKf7WLCjtTHw,2
314,UC8kL40emkTwp9jJbIXWSKbQ,0
315,UC8qDVPMqHTG4dEycJYEZk4A,1
316,UC8smZTmur02N2nuhT9A2XNA,1
317,UC8t4JTFfEkQ4QVCfZffPLNw,2
318,UC8tSBnK6z9Ws_vBEQ2fqzsQ,2
319,UC8xRCBoY_fE6Pzs_1T0VNsg,2
320,UC8xpYeIX-6Kq1igz_YPpdYA,2
321,UC8zJSxikADE5ISJFJ7B-AAA,1
322,UC95Dm0j7u966AbH-l8Mu03A,1
323,UC99LWse_KWfeni2ifMYuI5Q,2
324,UC9Ckr5Vh-plU4H2FyeYKcZQ,1
325,UC9CoJj_Yt33bgkiRMm4FqiA,1
326,UC9GGl9ZdglN8Q2SK6Ui4cwA,2
327,UC9NW9pFUgnvNeuFrkqox7FQ,1
328,UC9P-4cKj1dPBUfU8bGakwCg,2
329,UC9PdUT5jUAvzqvDHG-N8Y3A,1
330,UC9Pi9gaUdHvtDpK9dVVA7CQ,0
331,UC9S6xSdy3A4hvuupIPftkKA,1
332,UC9YTDw4Tb0onameb7cCRGXQ,2
333,UC9Z8s4tGB_54mFR1T6-BcyA,2
334,UC9_1ruugEGN1p-XVkw7aPbQ,2
335,UC9aob_4eeG7CASH9IdHdS8g,2
336,UC9cAKxWtixa-HoryYsc4NVA,1
337,UC9dJ-BvQXR80WFCayoxuMBQ,2
338,UC9dcrBjAxOOMbENKgjRzQTQ,0
339,UC9fGG7rxW9P3fnkRF3Zh0bg,2
340,UC9fVu9C6WfMtjFPLHGdTsqg,2
341,UC9gqhGOgZBIHeFOpOplxeow,2
342,UC9htusym9y1TLS3SSKeladA,2
343,UC9j6JhjAZ31xFV_pAgrAOYw,1
344,UC9lSvEKGDadDDPiRAflhoBg,2
345,UC9mIHrcccCA0Kq1bOJFy48A,2
346,UC9na21GlY7fZ_LtT3FoTv0g,2
347,UC9oLH_iinr5alezxfJ2Lvsw,2
348,UC9oXp6qX7fRQ2xYuYnOW8oQ,2
349,UC9soEyJcjQaTzjeM9oUJmtw,2
350,UC9taHy6vP0I7PcHFCIVbbsw,2
351,UC9uPmpbVinTDL4-aZN-Y1Uw,2
352,UC9vSK8qKtF6R3rNkz_FCfcw,1
353,UC9vaaPbgbe-lD0_aS5xX2uQ,2
354,UC9vptVx9jyjMSrktyQZFKhA,2
355,UC9w1XmAZJIU8YS4H-ML9ysw,2
356,UC9wh5HXHD06EPmMiu4lTlug,0
357,UC9wm6Rzy4vuElIaLZXgPlTg,2
358,UCA27-iJT5GqAt8ekUwy6W6A,2
359,UCA2_5S78UFupHH1Q1ri3XAw,1
360,UCA2hT05FxPgVe_C9LDADIKw,2
361,UCA6ahQhq86RqUl_QPnPzlkw,2
362,UCACFtIk7o5SCAjNntf_GljA,2
363,UCAGOsvVgnMqkXsAxRuGAPUw,1
364,UCAH6r3H9xePDBrWxP-cwj-Q,2
365,UCAHvmYTUHjESPY69Qzo0N-Q,2
366,UCAIJ20PB7Q5diln9czQFiwg,2
367,UCAIRdVVbcmlJ6COCZGyNxQg,2
368,UCAIbxvHQQCYZ8sdRdl_nNzg,2
369,UCAJ5ASOAx4sJlMIA1L7TE8g,1
370,UCAK7c8CUFIJHhrDdRh1cC9g,1
371,UCAM3A1Y0ImWUDKYW3bVd_eA,1
372,UCAMfpEfn9YbZ8e2cL1ssWSg,2
373,UCAOC-mxzeMU3mJwN6llQ-Vg,2
374,UCAOuFy_6dXFqMaa0-GwIxTA,1
375,UCASjTz4wC5E-8Twuszj7amg,1
376,UCATKDlAxQf96a7BJw1XyMfA,2
377,UCAXj7_HwbiAzNpm4Xs_1acA,2
378,UCA_2NIfVIoLFKQnQHpFbQPA,1
379,UCAb-yZWcUqDuTXxS21M2dYg,2
380,UCAg5XXdBwq2HCMDPGgxm5vQ,1
381,UCAgMBKW7fY4EiPFdKdygCDA,2
382,UCAhY1NEoX4NA-yFwXWZScBQ,1
383,UCAqnWcdBCeR6aIDy3bbQp3Q,2
384,UCAuzcLII4j2m5nZb_Ts2z-A,1
385,UCB-EDaLBhE14p5G2v-Obkgg,2
386,UCB-aJ7r9CYxEMp9FYHwh6Iw,2
387,UCB3p0m5xNYPeOpIAjXFGAig,2
388,UCB5GJcmUUEcwT3y7E3Z_jLA,2
389,UCB5LAyjTHuQvt71Gqindovw,2
390,UCB5QgA1OiFyEqvG7f5C1hqQ,2
391,UCB73G3y8tsKoknXYnFQgdkw,2
392,UCB88hUW8kWLIW55zrF8OX3A,2
393,UCB8eIHwO0MusbhNk-XqZxWQ,2
394,UCB9NyDwL94SECDPef3ePeTA,2
395,UCBAYKgIkIK2hPxSf_gB5mhw,1
396,UCBBOF-l5Pw9aT-gV1iZX0wQ,2
397,UCBBP-RpvMFszD-XO3BdUapg,1
398,UCBITYGJem7I6sxZSeynWApA,1
399,UCBKEoPtmIR6_vvsB06htyOg,2
400,UCBKrkddcBOMFuFz9eAvu6NQ,2
401,UCBMmfoYt1msbrCWbfNoISsg,0
402,UCBQ8CadL_t9d4QczhvE24zg,2
403,UCBRe0-KUrMVzs9jarolKuxw,2
404,UCBSV5S1rUhSKnkDM4wjpsbQ,2
405,UCBTKj0zxGpKT_6it91K5VTw,2
406,UCBW2IqayWuVsqh2d_QMnqyA,2
407,UCBXnvvwoD20jKJIR8bL5JjQ,1
408,UCBZrWIm6uuKyWU6R-1QcPww,0
409,UCB_NFbe7ZLA285Iqvrq9X3A,1
410,UCBbyPMMjHILnJKO8BpteghQ,2
411,UCBgnOXyAD6RaqktGTwPWTNg,2
412,UCBgz3ian5Wa4uDBC01QXNhw,2
413,UCBisPvLyJAeLwS9MhDDNKQw,1
414,UCBjDHg_FSY9KcNpNqxirRMA,1
415,UCBmbz9F-f8g2ppuHShgyqEQ,2
416,UCBo-meLTo2WHTG7JSDRvPIA,2
417,UCBqdvvwQj5NGSwtbkLZZdFQ,2
418,UCBsZnNoHMtK99mn4SwexRCQ,2
419,UCBuv6S608A-DkwjMH6YWSXQ,2
420,UCBxf9QzyDayNHhbTQvCikRg,2
421,UCC-PgTRYrZR8Dm7JwT0CUuA,1
422,UCC-mLlWbwI8sw4rU6FJBZng,2
423,UCC3U2oGfbQD6uH3YNiqFVCw,2
424,UCC5KkdRQ_OrQKdXAUJ8sYkw,0
425,UCC6QH9q3xbWu9GjR44F4_bw,2
426,UCC6_NYqHZHyH3Ojqkd_MCSA,1
427,UCC9SXoa4kk9qyJHNCW3KUXQ,2
428,UCC9vcb-ZuoSftB2ZASJ7Orw,2
429,UCCAOBxyh6SSxTN3zUzYFvaA,0
430,UCCAgYCSiZsp_wclsT6m3a6Q,2
431,UCCB46lyEfJ7ZQ-ZFqVoxJhA,2
432,UCCDkyDj4CqnDVJEHk9GsY0w,1
433,UCCERfazQWmgDQQdfKqYODdA,1
434,UCCE_1cXGrH85NP3B0UOpfdw,2
435,UCCGCb0LRpo1fufnyT1p1Odg,2
436,UCCI0h_UwYwEeJS52mRjqpVg,2
437,UCCICHfD6jyVpJ9XAk5PaDVw,1
438,UCCJ56k8nBeqWLoxNa6DToAQ,1
439,UCCKxVCnIkN6EDCRYkbqi7RQ,2
440,UCCOlrqZmVnW4F6LQOE8bTyw,2
441,UCCPCWL02yvoCd2s0SuaxZaw,2
442,UCCQcvokyU2qWY2OECJRepag,1
443,UCCSrQkxF0uway8uyFah7F7A,2
444,UCCW0T8h0kDZbOShTEPxOXxw,1
445,UCCX2L3CWCf9unGjHnfdZ1nQ,1
446,UCCXIZuqWGzqYq7hN5PRe7Mw,2
447,UCCZzEbl87RzAzvbD2MVczHg,1
448,UCCa4KhEUql6NRrsBUpX40eg,1
449,UCCcSDC1wvbku2X2CYtR5PxQ,2
450,UCCe9obRuqlzEZj4iKZanJRA,1
451,UCCeqYLT6EYVAxLYU_PxOR5g,2
452,UCCgZVtvjiFABVMxs-RiYrQA,2
453,UCCjJ1h7cxJE7r_DrXzB81jQ,2
454,UCCl-AoCmMOFO5O7KF8SUy2g,2
455,UCCn6all2R4RQ1MN0OkpPcjQ,1
456,UCCp0vXCld5F_r2XTDwv6l5Q,0
457,UCCsGz-k3IGDyGDxrea7Ad1g,2
458,UCCssVQeOktf_kdhzMnQgryQ,1
459,UCD2cuYjMkewkpT0q47JyJ5Q,2
460,UCD4KscfRLirBouYLlkpVMEw,1
461,UCD6Ew6cbbGaZ3jMPZJgVeSQ,2
462,UCDBroOWVP4aN8SYM0br6sJQ,2
463,UCDCwbS2czyr2zJY8lJoQMkg,1
464,UCDEgJ058KAoZfUOtoCSReUw,0
465,UCDFcILZgwHg2JaNxb91ZuIA,0
466,UCDLFT_CzEnqteCfubtSsf5Q,1
467,UCDPaG8BLI2zz-kA2ZrlpQsA,2
468,UCDQn9EPc_RkLzKdLSORZeKQ,0
469,UCDTBlb9UM--EEOqNaL5uIkg,2
470,UCDTNWMplT7D0__wVVsyRlzA,2
471,UCDUD0MjiCpitSH9iIdugUBQ,2
472,UCDUDNthJAmDiJyg0_3WQtmA,1
473,UCDacjlxdGztxDHAUx5F2PcQ,2
474,UCDb_U0bOP_Ajhg6WobVNI0A,2
475,UCDc9IoqKsXRgUtoXfsB43YA,1
476,UCDkXdg3orpZdG72XGx0qzUg,0
477,UCDk_lGD0KTkeAz56o2M_jUw,2
478,UCDqTeG_GsDlW633dzOo1jqQ,0
479,UCDw68MSTT0QXODs2JrFef7g,2
480,UCE16L5tkddkA2GlgZZAPPBQ,2
481,UCE2M6ooDiAmZailJ_C34dcg,0
482,UCE2oZq1uKdJ-l6Dh6njm_GQ,1
483,UCE3auAgA5psDoHlAO50P2Aw,1
484,UCE4WbCmd8wsqw6j_-sVuP5g,2
485,UCE70e5aO6HQVEVt0iNubCsA,2
486,UCE7Hg-dKLnE0Jru_9xZAA4w,2
487,UCEA8i6k5L-B4_vSO7YIwDUw,2
488,UCEDkPIIdpzjQ8y801EYDS4w,2
489,UCEG_2XiJWmicSaDfdd3Vk1w,0
490,UCEHs7ymn9hxSJMHLlcFLj0w,2
491,UCEMNkQJGlziOfaMLB09-gJQ,2
492,UCEMea_nVWPUb4mGSP2NP4NA,1
493,UCEOPwFDEimk7OOls-lSx90g,1
494,UCEOgX9IL6A_BSUtrT0aroOQ,2
495,UCEQLl6f8UUil-bAZLbG3nQQ,2
496,UCEVO0SZ2aWtK74Zvp0Ja1yQ,2
497,UCEW_Fp3XItZqa0lxMYNkQeA,1
498,UCEZKpVw6ldXNVU4Ua6IFwTw,2
499,UCEZesnckCG6DzTrU4a4RA_w,2
500,UCEZxNabegIKig9gEMOCQlhg,1
501,UCEbEQCFfP76N1xr2KP2KYgg,1
502,UCEf4FCko7hcYX7CHrCBQrWQ,0
503,UCEf7CXJA2roFgNTMdBXPk-w,2
504,UCEfDuXbFQcD0eYoh4HC7KYQ,1
505,UCEfH4nBlYqSvdi9k3rQbLCQ,2
506,UCEkI0ATyyJ1X5jXUbf9Dq4Q,1
507,UCElOr5AntWMQVoWNR19iLHQ,2
508,UCEq6zpiVC43Wkii8sHOOt0A,1
509,UCEqqdeeEIgo_TSntnDsNyzA,2
510,UCErsS5NVtc5NlTlFRYOpgHg,0
511,UCEt1Ef_TQfkaEmjRmOWiFog,2
512,UCEwMctuzI6rS59KLsQrnD9A,0
513,UCEyRFFpayX3dO333ZezXt9w,2
514,UCEzShw067DIrb491foK8VJQ,2
515,UCF-z40B2EsZIirw84zY3E2w,2
516,UCF27eAeWw87dnVTcduY0uMA,2
517,UCF42ahbaNDM-YNhn5sOQyeg,1
518,UCF4LeYvxPc7JvV8OcobBbyw,2
519,UCF4MgnTvK_8qhEGOSPFk1hA,0
520,UCF4tNhMxnvl7Kecc01Y-fjQ,2
521,UCF65gOgIc9VuDA9yYJJUxnQ,2
522,UCF7uL_L_RemDaV74InrZWaw,2
523,UCF8zfAKuPIEzQZfjcYbclMQ,2
524,UCFB849lsVAHfJwZDzDz6iAg,2
525,UCFDu7SlNhRrwfbUVXJ6rkNw,2
526,UCFEaJdhY6d6xuUhS26WbMiA,2
527,UCFF-kjXnIFyB3iJRuwUcozw,2
528,UCFFc_0nIuWyp48aScgkQbLQ,1
529,UCFGSJyjvZaZd3MHgSwyzD_w,0
530,UCFGduMOC14eUuzz-5qK5V7Q,1
531,UCFHDArYKrxlCdIG19EcoeEQ,2
532,UCFIKs47Ye1ROjRFcxC-7cUA,0
533,UCFKv2gZsT8n4An64_xsWHaQ,2
534,UCFOGnZHwpQdrHI6eLfw_roQ,2
535,UCFOGw6nI10LncjxcxE9IX6g,1
536,UCFPfXxZqJyXoxGK2RyHNoYA,2
537,UCFShfidFYKeGavnhZppHwiw,2
538,UCFTHt3_n1WEv2kjbiLKstzA,2
539,UCFUChhpFV5cWiYWA0oRazHw,1
540,UCFUEs4sOJEjehXwIMdxPIrA,2
541,UCFUf0QIs2l9cj-piaq2fX6Q,2
542,UCFWqceEDVxifaU3ljzMH5tg,2
543,UCFZMhSh-fhyX-J1hRkp-UlQ,1
544,UCFcgjMBx1_AKPyu2ze0bpTQ,2
545,UCFf7KYlIjdPCVaNY2_wM9lw,2
546,UCFh3nkcgKGcDprQW8B6WDwA,2
547,UCFiJXKoNxJqQ-SJYNXvtgjw,1
548,UCFioig-rN4bGvVSl3YAKnkA,1
549,UCFm4vSDAnmwdllrZr8A-pTQ,2
550,UCFpPdvHhIk2jqxn9uMVizPQ,1
551,UCFpUp_zc1FO1A0Ba1z5IFcA,2
552,UCFr3sz2t3bDp6Cux08B93KQ,1
553,UCFsnyYn_oaHmTTRbMU7RpPg,2
554,UCFtK7r0fjl7dke21ACpO5Mw,1
555,UCFuATjjLOrbu3Tem7a2H5qQ,2
556,UCFw0JVNKGovw4I6IA8tj8dw,2
557,UCFxprPYBVUacuVbBoQnB6wg,2
558,UCFyQs5whTOGNM17_1Ho492A,2
559,UCFyusU0S409NaAD2Nx-SIHw,2
560,UCG-42m2oYVLmn0jSNhW49ig,2
561,UCG5aVniWRbPBXQyVNrqe8Bw,2
562,UCGCXKMCr9eagbI7VnkX4_iw,0
563,UCGDRhWNgp1AY99CjBP-XHJg,2
564,UCGDZ0b3LUC7bm1dokdl5fZw,2
565,UCGEudVNLSg4OLRYGE1IZhYg,1
566,UCGF6RzwrPrvd8bYf3UevBQA,2
567,UCGFPGoY6AdosoibJDGMjZiQ,2
568,UCGGLTD_ypdFMaw1CeIbis7A,1
569,UCGGZSq1qq0FTkmuziHiACAQ,1
570,UCGJh-nxMnGlZscKPYkhCjdQ,0
571,UCGJtKg_X6coozizq9Ve1QRQ,0
572,UCGJy1bKGWpj3Qxw41QBAA6g,2
573,UCGKRDqAa2iiB5EwSlgQaGdw,2
574,UCGMI08EfY8zwqhiCo9WiRSw,2
575,UCGM_Pf4FQJ1qLzXHSdSDaoA,1
576,UCGNZMroAl9jytWq9SAFE-aQ,2
577,UCGOLht4IJOydP5s32dNzSQw,2
578,UCGOVSqY10NqO6qdmiNoLPYQ,2
579,UCGT3Oiufi-VDSbGGlxlPXNg,0
580,UCGXENUN7XeRMMjGqaF4TYvw,2
581,UCGYTGA5qafgZvjBmZdNJ2iA,2
582,UCGYgdn-NYLkQWfLK3CMF_7A,2
583,UCGZiwlGvc7x17rB4FMd_GEQ,1
584,UCG_pOomZUISaubHGIetnmvg,2
585,UCGaOvAFinZ7BCN_FDmw74fQ,2
586,UCGduwtQ2qzby_O3XWoIGEGA,2
587,UCGe3ULDXZiRozOid_3SNYlA,2
588,UCGiLfFtLnEkL58s2Jjij1bQ,2
589,UCGimX92t-PibggrR7h6Jqmg,2
590,UCGm3ZR6o7hUvBeX2Ebr_qMA,2
591,UCGm4o5_i4aGHOoZ5eKfUC9Q,2
592,UCGo214oVy59isIh-lOUb0rw,1
593,UCGoDitC_8g6H8kZpciqB_wA,2
594,UCGqG1RI-3ktA0BkzJH5N0RA,0
595,UCGrTQwrbIxRXh5-8ZO19oFQ,1
596,UCGsP_FPq5CwK9tk-PB0jekg,2
597,UCGtSf4Pj2H0_bIF8QQW7pDQ,1
598,UCGyP8aIL4ceLRe6JJlaDtPw,2
599,UCGzRlycWTSQS4qGGho4WHtQ,2
600,UCGzZKkSPfz9aEFRAFr896bQ,1
601,UCH-_DP4pv6ODQMf8t-HEquA,1
602,UCH-iBbMrOK-fRE0kTMJPWDw,1
603,UCH0Wiiwfm1biydl6j8BfWlA,1
604,UCH52wkNKUle-UCs5OHHMyMQ,2
605,UCH54xH7VlVET6ovnRpSGWvw,2
606,UCH5C_u5qZ-7EaLW_fC_GRBw,2
607,UCH5b1Lx_Xs8BLIkJP5UL7sA,2
608,UCH8S9pi7LDAv-Hs40GGgQUQ,2
609,UCHDOBQ9Ga3l3qLmAVzKSnKA,2
610,UCHFfHYJ4QoVwKNIeOPihLuQ,1
611,UCHGdQWKB6UxJjcvTnG2CbFA,2
612,UCHIcS2DbDvejzPg6N7Ba9cQ,2
613,UCHIqb6ZqHYK3o1RuHIfzeMA,2
614,UCHJBkIYCsNZ0ITnaKdYlZOQ,1
615,UCHLV0zSyaKR3w8ze16Y39QQ,1
616,UCHNY2Udgyi8RvjIdQJHLgkQ,2
617,UCHR0wX5BcV8E9295rohpKiw,1
618,UCHR2FMQYwKiAs_7m6OtwBzw,1
619,UCHR9VR8b1gj4cHWHVUI2PwA,1
620,UCHYZj6Jph3LSioRuhRSsshA,2
621,UCH_2sGKysKXJAmBE4s753MQ,2
622,UCH_hEuHbA-79HnUiG-WRiHw,2
623,UCHaCMzURYOowoKyowwUn4lQ,0
624,UCHaSiGcoPNY7x3RxFwBmF-g,2
625,UCHeM_Zn1kukRnjBIpswaDBg,2
626,UCHfVuJNvS6XkdGnX9FXEVgQ,2
627,UCHj1d8URTp0L7d_P4ZWigBQ,1
628,UCHjEj305d1fDKJE4qy3r-tA,2
629,UCHjMxo6Xrgg4VWx9DlDT7Vg,2
630,UCHmuwe8V2fa99H62MJ6s9hQ,2
631,UCHpmFfMOBzUzkH4H9hTzo1g,2
632,UCHq3FdFbSBN1sfTR4tA3WLQ,1
633,UCHqcUN8qOiufQ-phox98VMQ,2
634,UCHuudflIVqEV_Otz-sYaQDA,0
635,UCHw2WtY8q45UAqGubQySdKQ,2
636,UCHwVSpnhs66uga8k6QIXcEg,1
637,UCHwc5mAvcNbYoty1GPzH3dg,2
638,UCI2KDM9YSOufXnrk_i78Dyw,1
639,UCI3H0mEHaQFyTX1zyOzOuqA,2
640,UCI4bM50uEMq6PdJQqTHwRlw,2
641,UCI5xElzW0W0678JMMPH4rTA,2
642,UCI76bxpaucqeCVdWzQE2NeQ,2
643,UCICM_SAyNenxEofvBi23EXA,1
644,UCIE9GVVg_gWJKLd8B8MIK1g,2
645,UCIIFFu9ewpxDu6MmlsoMtvA,2
646,UCIJaWlAOUO2SpJqX2xIV4rg,1
647,UCIJhhwb6izbWvf_5OfoWLsw,2
648,UCIJsdmvxhl_QZNUde2yFGGA,2
649,UCIN-WQ-nW704lTiH6yAy8fA,2
650,UCIOapJjuHRbCjM2CWtWo16A,2
651,UCIRgWGK0xX9IkYSVo-mtVhg,2
652,UCISNxgPd2LzvEldRdAJC3KQ,2
653,UCITns8SfokuBxQ6XwdVZpIw,2
654,UCIWWoYgG4HN4ETjdTnaGLOA,1
655,UCIWcqp5vwdWEcR3ZcCU5sjg,1
656,UCIZEL5GBS8EheUDphDUld7Q,2
657,UCIaWn1_pIpCXuYc9shFnzjQ,1
658,UCIbHDMW7hfIzslyOMpZ8AmA,2
659,UCIcuwp57visfjT1Wf20Qikg,2
660,UCIe6v8jBLj-aYNh4TBU3d7g,1
661,UCIgWTSyGF9AS4k7JRrFFw3A,2
662,UCIiubsJx27c5W4Dw-2KystA,2
663,UCIo9Gg5dqGA6-ehSFq0vxxg,2
664,UCIoB9_-OxL1J4Do2wbZu9aA,2
665,UCIpwvzItJQfM8DQYqgDsM8A,2
666,UCIrxoW2qyLK-ULqpqQ78_uA,2
667,UCItB8XQ3GvmNKcfuA57toPA,2
668,UCIyjpcn6Dy8R2AHDSQBdibw,1
669,UCJ-r8XKt1IqzXDVZsbrrQQQ,2
670,UCJ2yfdgUscDa-znyg350Blw,1
671,UCJ3Ihqv-w50txgikFhx0a4g,2
672,UCJ7jm768IBI0s4ZzBvNLIEA,2
673,UCJ8jatHGNNSn7KB8C9Da72g,2
674,UCJ8oDyA60DTQ7-nnIpsyzOw,1
675,UCJD-OkVwPVgDgTFVUB5M0qg,2
676,UCJDZfojse6sQuNJQKFA0TtA,2
677,UCJF1gj6_v4tuH0AA8Q6w6Vg,2
678,UCJFLsgKNn6rmKgaX9VGQPxQ,2
679,UCJI-3yjvSuJlUIz47F-qdyw,2
680,UCJIAudZFUsti-9YlfNms8YA,2
681,UCJIazofX3GOs1xWWEcXt2-A,2
682,UCJJUhdhWfrYhWJOhhuTJZ2A,1
683,UCJL5iOVCyCPmSqH4T8ZMCmA,2
684,UCJO9F7sdTQntVtDyrZttIJw,1
685,UCJP1J20NLLUriKCsweKARnA,2
686,UCJP7Tr3ZjjfljYEsYXL6PPA,2
687,UCJPGQOX-HhGee1vJONraG0g,2
688,UCJQAXSop1aTSC48KsTLCOsA,0
689,UCJS4KnA14fjBEjdtbh5akvA,2
690,UCJSXbM44HPyfe2ki_sOi7ew,1
691,UCJVyHoUuTvPSBq7SyL2gVzQ,2
692,UCJWXLah4XvdU_PWNkn1YVug,2
693,UCJZRRdHYi_JOuRFPrXWaJeg,1
694,UCJ_Qt5a06F995G27Cn1ZhvA,2
695,UCJbgIHRYGNpvtrbtiM3c71A,2
696,UCJbpnSRtMeWTT9wsUX18Gpw,1
697,UCJgdyTrNidrc_9rrdI4UKAw,2
698,UCJh9Zn3Qu5TDx6vGMEZlrhA,1
699,UCJhjbNzDIpZ136Y3eT1471A,2
700,UCJm2TgUqtK1_NLBrjNQ1P-w,2
701,UCJoBFTOXl4xmlLA-jDSaazQ,1
702,UCJroaWjbjgSasWnXJTdzbjw,2
703,UCJtMeKPC9g_BRpwq682AQgQ,2
704,UCJvFrsyHhINZAxGnFVUaeGA,2
705,UCJvby7jyQRQA7ST0rK8m4Xw,2
706,UCJvliGT9zf0DZsFjIt2IlYA,0
707,UCJw3zKreRsgM6vMJm_5Pziw,2
708,UCJxFEzwxRhlWi4WG7ANaN1Q,2
709,UCJzveQfgN2xJ7nxTZzyrHvw,2
710,UCK0lFgQxq5Nt30MdF546n-A,0
711,UCK1P7MzF-XDOCXCgkhxhp-g,2
712,UCK2a38bB7_3KD11u-jSFRRw,2
713,UCK3-wpTVxUfQfW3jfFzbFRQ,2
714,UCK3PMeOUEi0YPduzlydthuQ,2
715,UCK5wiMFny0VhsBuHarHcmYw,2
716,UCKBgsITiwb1gzGrV-tDHh2Q,2
717,UCKCL2Y8MA4O9t03l7zZYOPQ,0
718,UCKCgJL8YZMUPGMURfgKj_8Q,2
719,UCKCpG2acIfbjXXXlaK9LVfw,2
720,UCKDEc74nLQAfqeNU4Yi4q3Q,2
721,UCKDF7DFCOHvg3ccvfIkHIjg,2
722,UCKEbrfKiVR1wiytFHMllfxw,1
723,UCKGpLqDbAyjk5lxSiZu-pKg,2
724,UCKIZmAK036Bs3-QSGl2yHPQ,2
725,UCKMrGRmmluC1VchZ4KTlqbA,2
726,UCKNfDPbfDa1GkLm8JPPocfw,0
727,UCKQ4fzgIpv2ynhovMxPMOGA,2
728,UCKSDbk_gW_R-ShLbPuG0v5w,2
729,UCKXJcaopDsfm_ZsE1Q_sS7Q,0
730,UCKXZ9cnWTIvPTqnjgxbPJ2w,2
731,UCKZEX6Sr5Cbx4Ra5stZUwEA,2
732,UCK_Cig48jQnRhBl079IpKeQ,1
733,UCK_ysJrEks05aHM32-i2JqQ,2
734,UCKfqrgaD5dBp2vJm_9jRD6A,1
735,UCKgdCOC-_2WMds6zmLtohZg,1
736,UCKh96vZONd7hUway14PH2Qg,2
737,UCKkSqYPKrHrm1nyk3TBJdwA,2
738,UCKmfgMrXxoLG0XRiJH2v2dA,2
739,UCKn4W8AjXJD0-WVqoCpCcRA,2
740,UCKq2F4LZ726kAlJG42Q01nQ,2
741,UCKqmARM5DOCTyKz7XStG8sg,2
742,UCKrwGmeO7RCW09l_VgkD6OQ,2
743,UCKt5xqTBwoK-guefHMr-D0A,1
744,UCKu6H16qh9_57Zp0kuQZTDA,1
745,UCKuySBK9QnwY0jzwPfVRS6A,1
746,UCKxa4dCOrwXCS7-VIlt7D3A,2
747,UCKyRjzNGiIKRuALuf-ZGVGg,1
748,UCL0s7ThYgC72Ohml8q032WQ,2
749,UCL34HOhs0WyKzV0_JsNba_w,2
750,UCL3mG8ooWM3emTH436QUehA,2
751,UCL8LvhAQRVJWgHUIvCYGqaw,2
752,UCL8xm7j0H5_kNCkyQsbliDg,2
753,UCL95ncolkdziYWjqDDqRyDg,2
754,UCLM5XNynW9u1_usGYL98YKw,1
755,UCLMYChDfrazAq5CHjhmW_Yg,1
756,UCLMtDePlMyiqv2XC_ByNEVQ,2
757,UCLPA45atlo_tPVxLLswVV_w,0
758,UCLPsO-wSOhSxvYwyUOtKXAg,0
759,UCLQkJRvtdweZ-WkPxY0hGtQ,1
760,UCLTgUuEIeVSXFvWVTq8sRnw,1
761,UCLTzq2sU5FmpQRUTntT2ziw,2
762,UCLV8682sjMFHkX8oiUvSYmA,1
763,UCLW2GMBrjXYb8O2Zi8xRnHQ,0
764,UCLWyRGdfdswj9EddmoYTxWw,2
765,UCLZJ29kqegvpSq_qdagBfCw,2
766,UCL_0cJH1EMLZOuwO1oD3MWQ,2
767,UCLb--HPC7FpyD-syE5-L4FQ,2
768,UCLgOs_-aqLWW4inPzEXViOw,1
769,UCLjMmcw2vuuq7Pn2fGwAphQ,2
770,UCLlShH5yGKxwG6f8b2DSMXg,2
771,UCLrNqW8aEgiqa-4b31Eu04A,2
772,UCLt2m5ZPuXflY6TrrlH9q4w,2
773,UCLtP0cCER71k_uFERPvie7w,2
774,UCLtY2jrdYrA5GZpYSK3eigw,2
775,UCLtc6UzYxBYXIJcA-mbWV_A,2
776,UCLueyMFDzJN-pt3uUOyXfWA,2
777,UCLv-KGAhoyeZ6-0SEjN-m1Q,0
778,UCLzBqrVSDNkI6KK4ma0JmkA,2
779,UCM1-cTLgH4Uma6vs3HlX0Ww,2
780,UCM1txWU7VdIjiAAzyJNV2nA,2
781,UCM2gC3g0c_s0NYbSSmO2r7w,2
782,UCM8tr9ZtewMBvl4TfVmI7kg,1
783,UCM8vHbevBhfP_sNSiH2z66w,2
784,UCMAwcc6Jw0T1WCAoGMVC58w,2
785,UCME3P3pNDFiRINCnYV4JVVA,2
786,UCMGGZoVrTHcyCNePFLpR3hQ,2
787,UCMGLZg941zK2cv2XfFx2Rhg,1
788,UCMHopyMkvYzgEuvlMsSZRMA,2
789,UCMHxPNMVs8HVRaktdoZ-lAA,2
790,UCMOJJ73hScJ-lMoJQPiblpg,2
791,UCMP9VctbQm-E1nb9joxa-KA,2
792,UCMPZmz6xK50PNvBDhxq-uzg,2
793,UCMRXIlSUuKB3H9IQCttxuFg,1
794,UCMTwyxSEr_3VLZyYcxDNI0Q,0
795,UCMU-4IBlcbFuBr6hZg14GtA,2
796,UCMY0BqFlWd3xeMhg5N6K1LQ,2
797,UCM_7bkiq4O79GWvMmsvJWaA,2
798,UCMaGXKr8iqOSklwVYRtoGhQ,2
799,UCMcHsO0P36elL4og4jYNFUQ,2
800,UCMcWAf0odhQjqeK_W2Op7fA,2
801,UCMg2DwlMIsB70Fzkxy2ngdw,2
802,UCMg86yEmM7yHRcB3SdDPKYw,2
803,UCMhDk2qIKoE7bVht4GeQ8Lg,2
804,UCMiGsMXGDeSxza2JwhZEAGQ,2
805,UCMiR6zi_vZlH9KqTVcjniQw,2
806,UCMj1su6d6V07FPL8y1Y5OtQ,1
807,UCMkmltn-ytPtkvtG6nrQrQw,2
808,UCMl65NP7io0jxE6-WVdEOzg,2
809,UCMmETi3ljgEqoj4RpPyGk0g,2
810,UCMn7QxRFqT2EBZ2N9P4yXCQ,1
811,UCMpzqnG-TGXqxa747LmHqgg,2
812,UCMrQEKh_RRoFhUx3ZabP7JA,1
813,UCMst9GIySYMgMEiDjuWkGXQ,2
814,UCMtNw-fj_OoZL345VVb3Qvw,2
815,UCMu675ESdjIjvmrL6OrRI9Q,2
816,UCMubvTHs13Ap7hsinSp_qSQ,2
817,UCMyRDAFEzszU_5OpTzSxWDQ,2
818,UCN09foJjX6h4ltSNZ8MVB5g,1
819,UCN45-L6NZ9AWSHr65Yn8ufA,2
820,UCN4PzPRY4y4V2-F7WBs6u5A,2
821,UCN7KOTpuIcfG_Kq-Kbv0SAA,1
822,UCN8clIlk05RfqwGyIRDWMgQ,1
823,UCNAi23OighMYiLUbQuQr2EA,2
824,UCNCYEmkqoyEYH1cf-1cxffQ,2
825,UCND7L_y0AzxiMw-IPGzHsug,2
826,UCNI91uSk6RWBNNigkMFtmeA,2
827,UCNLOy7ASLSTere9IJSdJPag,1
828,UCNM3lJpKw7BN0TXTnEwaDuA,1
829,UCNNEMxGKV1LsKZRt4vaIbvw,2
830,UCNNhckppPlS7Uw7uE_eHV2g,1
831,UCNOZvsD9ljdsQgDZF1Lx_Qg,1
832,UCNU_TtjX8noOInc6UygWWXQ,2
833,UCNV6p9vsSSmcf60L_CPGocQ,2
834,UCNVpP5CdGEj-MPR5m5pYAxA,1
835,UCN_AS__bWohW6Jbr5n2xeTQ,2
836,UCN_YtKni4pAd7O_ym9MEnfg,1
837,UCNbHwrrcSlymcnxe2hvW5FQ,1
838,UCNbeSPp8RYKmHUliYBUDizg,2
839,UCNc9xR1I0OTtqSY_3c1kEIA,2
840,UCNdeK0UDFvhhAn6D26MH-vg,1
841,UCNhOzWVg6w9tMZ7tYe0oI3g,2
842,UCNhvPI70TXm1I27W9dkaCNQ,2
843,UCNiijuaa1-h_SPqFWeAFDsA,1
844,UCNlpXKH_Fq2xILxh9GXQP0g,2
845,UCNm2vat9SZ820FE6xk6EtBw,0
846,UCNo2hp2kuajdU4rXCksBp4Q,0
847,UCNoNmydKiH2HOdxUuVlmx2A,2
848,UCNoejzON3L_-qTrX4zU7u8Q,0
849,UCNpRu75_ADtwPOnNE-JqAxA,1
850,UCNsAmxw9cYUrzqU7j6IKX8g,2
851,UCNw5aMfMHvcqmCb9yP3LEvQ,0
852,UCNxYe391DRYOrl39nJl-4jg,2
853,UCNy3sw3c-AbBlH9t7qrcsig,2
854,UCO1BMhuGRd2rAG_UdU-LBzw,2
855,UCO9aMQCgAjiZuGd5XYfI1MA,0
856,UCOCe3KTqmABfdhzWjfc7LdA,2
857,UCOFKd5XZJ-qWnUCsDAt8FJg,2
858,UCOGJLmtIzr0L-7zksO5lhFA,2
859,UCOIoZLxLD_dmCVRphnjC9ag,2
860,UCOMI2CRyFGCg188v0iM3KEg,2
861,UCON_vAUeJiZnOmZpYuoCEyA,2
862,UCOP1PDut4-qcUz6TNXNBx0Q,2
863,UCOPbU3srEAq6rdAuyANd-Xw,1
864,UCOPcvkL6SK9GJV4rrWfQ_fQ,1
865,UCOWD2A29cEKpuFKIUFwDx0A,1
866,UCOZErR732C44wZUyVBfFCFw,2
867,UCOaeLSh03IJOuJYBat_wlbA,2
868,UCOha9gtqe9ZbLjnnie6Nl1Q,2
869,UCOi1Gjs3eAoYyoyPGTfNpsQ,2
870,UCOk36-DXR2bdEIWHbY9VjKg,2
871,UCOkIthqbnQFiGiFWU4WSyWw,2
872,UCOkkFoDQ22y3_nLaJqvdaqA,2
873,UCOl6t0hRD5XACVEsYirVOKw,2
874,UCOmOJjHFsx3rSKxTMVBUoGg,2
875,UCOoA6X1MTUtlL6pfkjEYrHQ,2
876,UCOpTaqOATsL36pgYCu6r4mw,2
877,UCOqedeBLLqz8HiTcAvJmaow,2
878,UCOqfwTv_NEtkmdqihXoZTBA,2
879,UCOsW-l81tOto7ohjGuaNc7g,2
880,UCOsve8EeUntXzOyeGRUc3OA,1
881,UCOxyKQNncnA70DrM_UD1tJQ,2
882,UCP0pyasS_l4oWg_FDtgqMRA,1
883,UCP4RK9pspEMsxet2O60xa7Q,0
884,UCP6p7vwc5d-jzFRZ7sP26YQ,2
885,UCP7-4GDRscuh6a-Hkw-h9xg,2
886,UCP9hzO4on5N9JvOZPyx5r6A,1
887,UCPGKgjPMckRZ1K9mBwZtVIA,1
888,UCPJh2ucjW1138-7kyyIkdTQ,2
889,UCPKXXlhdWYR4ejPH3raBtPw,0
890,UCPL6LPX0skfrvGrArQpRj6A,0
891,UCPOXn-FEh7rjdSVRDyP4aWg,2
892,UCPPq8HjiFTTQE89tXX1nTCQ,2
893,UCPPwERfBg6RBn_WacjU_QiQ,2
894,UCPRSgAw3_Lfkjbu32p0X5WA,2
895,UCPTyoQrFKQg4lbf_tEMuQXg,2
896,UCPWNXzaIQJLaIjg4DToP3tQ,2
897,UCPZ8_z7rdcjfcanQ_jsXEKA,1
898,UCPZW8SYKAhsT-4C1YXCLPdw,2
899,UCP_CmFD62CP8tdA8_raXXWg,0
900,UCP_iyhkhI1yfaulUHZOaPFg,0
901,UCPaCweTxCqf8L0KOYratYUw,2
902,UCPbjjDU6Wuy0pEfIQOS0ACA,2
903,UCPekDREgUOTfRjJe2nQXUjw,2
904,UCPiBoeSy7WRgmHJca92nClA,1
905,UCPltwtIBA2P5gDiHWk0GKDg,1
906,UCPmpXZaMqDdpzKirZwtzghQ,2
907,UCPnepJwDhWUN0y1HFeelV9w,0
908,UCPnjf0adHhbXo0oNM5_pQ9A,2
909,UCPoFxSFPQ33lagCxr_x6nOw,2
910,UCPp1_48f7w2ktz6eQc1P_iw,2
911,UCPrHhBb3hMVoigvefWPfUEw,2
912,UCPsil91i8gN0XLIbwl3vqsw,1
913,UCPvpiX_Iws7R4yezgPlGRDQ,1
914,UCPxAxS6Y2KSYlKcsS7OscEg,1
915,UCQ-I1Xcrf5i7v2_gv75r3OA,2
916,UCQ0S6Jb7AXjUmBPnVM2zSmQ,1
917,UCQ0lRbcYfPrCLHR0s2QOKkQ,2
918,UCQ1E1HNHxf-l4V_KIev8bYg,2
919,UCQ1HrvjVG2XNP4OGTA0ZlmQ,1
920,UCQ1SmkpQys0KEogCxm04eFA,2
921,UCQ4E6BGVkLnR7Lha5x7q8Ig,1
922,UCQ4uDOFeCqR6G1M5IWooD6Q,2
923,UCQ5RZYFOIsNQcLogiyhCgfg,1
924,UCQ77gM_AapIMXUZh1FxbwPA,2
925,UCQ9ahLS1pYl-glv__Nc6NBA,1
926,UCQAYn71vuOS45xunT5dZDug,2
927,UCQB6DIwCRugZ9Vfure4bYJA,2
928,UCQBhNiKRXntQl7DK9kgNv8g,2
929,UCQCXR90nizc455Fh9crPxZQ,2
930,UCQCiIYvxYV99iNRzbDL-IQw,1
931,UCQCp2EFnc8JVRxz2FdHLfoQ,2
932,UCQD-k9boSQYqnqg6JOrmp2Q,0
933,UCQDIOOqrAgJ-io9EhaoJXDw,2
934,UCQFrhspCA-OJG65oc3HJ6IQ,1
935,UCQKmlRMLbJKUHUjhsaTVDUg,2
936,UCQLT-pfy8EMNBhyn00lEPfw,1
937,UCQUpY4R-0N_pHmbCX2I4WPA,2
938,UCQVjjQH3AICiDU4mwyG6OOQ,1
939,UCQWZz6xPdPm6655oZaUXbKg,2
940,UCQZXADkArb8zIZ4qxJd_S3w,0
941,UCQ_rGeK9RnYvAyTRTDU__yw,2
942,UCQdqrN7jzoO9b8LnLx0VtRA,2
943,UCQdtHxWTUyiv8tYtpr8RR7A,2
944,UCQlZwwo84evai-IuezdJY6g,1
945,UCQlo-hvb9X-5d8mwuq1N8GQ,1
946,UCQoEcrDHiAupE0zWW0xBQvA,2
947,UCQoaP-n8AW96rhNNPrs2yvw,2
948,UCQomR6DZYoR9t2tDEo-BBfw,1
949,UCQqi--mpTFtGNim0WCtPH-A,2
950,UCQs17xCzoSGUq6SbYV2x_Pg,2
951,UCQtyQBgMBamRh7t_B-SUmsg,2
952,UCQwNTdWK2DVEQS51CzAH-dg,2
953,UCQyZNi3dDEItDkp3EVTSY-A,0
954,UCQzfvaB48TmpbpUcKaCnOqw,1
955,UCR-9SHZ_0dTPAhtr0pFq5tg,1
956,UCR0MeuZbsBochxHxMyNC9Gw,2
957,UCR0gizAzVqrQ9q7Rjp8oalg,2
958,UCR2nywojlXNlTdD1rQwgvDw,1
959,UCR3kRlB3YvrrxCp23AeAK7w,1
960,UCR4mahhSFQAbQxEy7SBgMXg,1
961,UCR5MByMMvz-4uWLXtrGEL-Q,2
962,UCR8UBQcfNXg5EG-3qUM4C-g,2
963,UCRBVUAXBAK_X7YYVgLVdfwA,0
964,UCRCcXsJScfWlYHP5kHJqNbg,1
965,UCRD5-C7Gxqo5c0ssqCCz5WQ,2
966,UCRD9PqHwpensy6M0yr4koAA,2
967,UCRDDPY2leqa3xWuYvX4IV8Q,2
968,UCRKUHakbWjROa5aFHS34CYg,2
969,UCRL8XdW8APNEE584wTVE6UA,2
970,UCRMUqOnYDAPN6kpi_EZo3ag,2
971,UCRNEeUfF5BcJPwuUZu-NKNw,2
972,UCROcxp8psvkOwGcIYYcZPQQ,2
973,UCRP-IhcGb0g_OGtkA2-ZBmg,1
974,UCRQ1OrhinhXynL8Tzy5Pxxw,1
975,UCRQEh7phm5Qr1SvxH6MsT2A,1
976,UCRRiSGLZdkpyYVibmXPn9yQ,2
977,UCRRq4yUBh5iXmea252fVwAg,2
978,UCRV7eW2RRdSApVG9nHc1aKg,2
979,UCRVn4knGqkNNFsw77q_At1A,2
980,UCRVpLnFuQMPub3IYqeNfj0w,1
981,UCRWZ67NIw1LVPlQbjJQe3Iw,2
982,UCRWya6lyZMRvAhsLvdx7h_A,2
983,UCRY4IODG43sKiI0F_axRdvQ,1
984,UCR_SOqO3R2pMmoLMOGVbLCw,2
985,UCRbVwq4kpSwK5diRhUetp1g,1
986,UCRcXg0AA5jApKwbSK7iHvTw,1
987,UCRg5aEZnyGHm5w-tjpzo3Fg,2
988,UCRjV3IQjwvbbWeWNZ__ZVoA,2
989,UCRksu8gXn2KDbEYCeZBcOMg,0
990,UCRlVhiGNA1atqf7N7TgItVg,2
991,UCRoNVwyq8d7u5adLx3Nvz8Q,2
992,UCRp09Us1wd9s5JPYCnJ9LZw,2
993,UCRq8WvO55Cnk6GY-WT07KHg,2
994,UCRqV0oY7JZDmAo6HXkXXU_g,2
995,UCRs5frF8bhom89ip2Zb11Ng,2
996,UCRsY69R2EEpEBib5_S5LwoQ,1
997,UCRsYD9vMgmqdhQ1SCM0SQ_Q,2
998,UCRt-kiZQt7kSgO6Ppni2f9w,1
999,UCRvGx1VaFhou5tdbx-v8YIQ,2
1000,UCRz8wWAIJS1_7mCGfPLkWsg,1
1001,UCS091xq3Iuj7NltJ7N42wZQ,2
1002,UCS2hkunClYr87FDaUIk1NXQ,2
1003,UCS5jVqJcDD4x55TOjtLZYZg,1
1004,UCSCSP0FJ8Ox8pTL4hnLjCEA,1
1005,UCSCv-mxKe9PP0fwVZKoM4ZQ,1
1006,UCSDNq_P2L3PbZ5m07M0T3Ug,2
1007,UCSG2rLXWSP-nG0jCMGoT3lg,2
1008,UCSO4TN9u0LvvTrn8ulOpl7g,2
1009,UCSPlKC6e6jJ0v7JxtwSNYIQ,2
1010,UCSQcLl6ijlJOBhwHoULIxwg,2
1011,UCSSBs-p1AfrcFE8Z1GpBd0A,2
1012,UCSSCByStrOiBIYV8MkkBbIg,0
1013,UCSSRF6hnQ9PTNBQbZJLUZMw,2
1014,UCSSs9kknlz5JCubc1ub6QRA,2
1015,UCSTBUIykdAqtwBShhe1DrTA,2
1016,UCSVIpaC4H5kRM98tYSTi3Hw,2
1017,UCSVrnSBejfDdynN6B7J6Oxg,0
1018,UCSXc1soINkiPL52_8Lk4nmA,2
1019,UCSYfn8elXwfUdXodSry1Lyw,1
1020,UCSbZoCHIo__B4jcuLbyBa0A,2
1021,UCScU0RJbz8vDv3dkTbWSEYA,2
1022,UCSd9vlVAM3nzrqiOimHNQlw,2
1023,UCSdiUVleiL_gSv6pp7aNtrw,1
1024,UCSgDB6iSnHjjHnoUew9oRUw,2
1025,UCSgm6JjwbMaCH1DTOJvey9g,1
1026,UCShMegVpN0C9XD7NWq10t2A,2
1027,UCSjNaPi1ffJDhTu4Im9dnKw,2
1028,UCSlpLJxB2qoiBaKLD_nT_ag,2
1029,UCSlyAIg43iKiqDnrMWL8Yuw,1
1030,UCSnC09Bx0acaWePFbwl2EiA,0
1031,UCSpCNq22KHTKv736UcCkuKw,1
1032,UCSqNLrCCzl5cUVbxea_SDtA,2
1033,UCSrbXkjs4poPNoPWFsYz8Fg,2
1034,UCStNIGnS_NCpzlQSuIbR0_A,2
1035,UCStRU0CLX9-Bt3k-W9xuTSw,2
1036,UCSuVPpIJLRh1QFyLOpspi8g,2
1037,UCSxBEzgEiWYO7o408CDKxfA,2
1038,UCSxExWhVeNCI8uBYRAEJrKQ,1
1039,UCSyD5x2JvBVmE0P-lq4gYaA,2
1040,UCT16O_-CD2yQokDf82b_MLg,1
1041,UCT459Lb9sVHnVE2UbUco9Iw,0
1042,UCT4PUnuuDEC5dvt4NTrlDlQ,2
1043,UCT4hc3mhv8QmTtyYNLgD6Dg,2
1044,UCTBUbXhS9qIrsQ7RpIeHbJw,1
1045,UCTCFa0xMfKDCSm3-d9N9eiQ,1
1046,UCTEJXsn0D8WkCznl9l8-3-w,1
1047,UCTG6L9RHWDlDPXmlX7fszAA,2
1048,UCTGp0F57a9SQ_6OvzkusExw,2
1049,UCTHEj3p2JTQ865Yl9DzRn9A,2
1050,UCTHtCs8-NN6gTAAmWDlYFgA,2
1051,UCTJTTxzatk4pruVvUiamCfg,2
1052,UCTNBTjq4TN6CFrvsckUVw6A,1
1053,UCTNEddnyXcDsb7KECs66Wzg,2
1054,UCTPQ68N4TM_pfUyHn6vL8GA,2
1055,UCTRD_zcZb-Z0qDadDmjpzIA,2
1056,UCTTEyowDmvWoHOzyAxpX_tQ,2
1057,UCTUCAcBwur0ulVG3y8ckwew,1
1058,UCTZMM5AcR1c_t5GFPmloZ9w,2
1059,UCT_AdfKTmzUvE-h41ieGWrQ,2
1060,UCTayw1_yA_9-Zofcw0tjFPw,1
1061,UCTcXCtsukP7QXyW8RZNb-tg,2
1062,UCTdPELhgR5tW4jKUUPtL8hg,2
1063,UCTdmLlIhas9-0daeLo1jcnQ,2
1064,UCTfL-XDJK4Dfk76Ta5ZzOAQ,2
1065,UCTi1J3sfconbL4UWq0wZXUg,1
1066,UCTiL1q9YbrVam5nP2xzFTWQ,2
1067,UCTisZSXTgIiStroPob9otbA,2
1068,UCTjoeISVYOUDOyBC6nAX-Zw,2
1069,UCTmlqvNJBa6oULLIX0Olvgw,2
1070,UCTorDsPonSac-qF11xcVdvg,2
1071,UCTp2Q_AsSY1GgM6GzC8NJ3g,2
1072,UCTsReq5FgJVAGqsviWbSflA,2
1073,UCTutXiXE9Pzg2HAU6vvwOQA,1
1074,UCTx9Yh_JpH5W4IOJce-PK-A,2
1075,UCTxr95uPcmB82DEQJu9ClvQ,2
1076,UCTyBzLROTOKKtXTKxpNlCFA,2
1077,UCTyWVNqTsDukcOkOh0xudkQ,2
1078,UCTyfHuP6UlWmHQzsU1fV6CA,2
1079,UCTz-7wLaOBe1dWM0o-_oK-w,1
1080,UCTzLRZUgelatKZ4nyIKcAbg,2
1081,UCU32Q7xPSXxbhgGnmFesL8A,2
1082,UCU3mPFpINW-hC2FiOl0TKmA,2
1083,UCU4B6IBdZ7FdZxlE25GQnEA,2
1084,UCU6x3ga6ZrFXg6OXDJSC4bg,2
1085,UCU70Wyxr0dAoUDq5n64O66w,1
1086,UCU8E0BnKL-iL3Fd4k18wSuQ,1
1087,UCUBHFPYoTJOtAtFwQlIB4iA,1
1088,UCUC-PukAi-5Uy55aBzRn_rQ,2
1089,UCUDPi0li4IrdzbmrK8ltH8A,1
1090,UCUE6rSLzNxA4QJ6z4xBvCvA,2
1091,UCUFqQUBBEmhxIzYSs4IlIuw,2
1092,UCUG2bp0vYmweCd3nFJiSJ8g,2
1093,UCUGuAh7uzAL1hv3jdqJqclA,1
1094,UCUGuKrS5UyVp-_DHBpLALdw,1
1095,UCUIRHKXHq0upReF3snFCvig,1
1096,UCUJaGykGzE9JAO7GSlfwI7g,1
1097,UCUJy393uwl2PTQIMwha8gQg,2
1098,UCUMxQdyrSJ5wgiLneW4eQ1A,2
1099,UCUN--1ZGIH_35yR_RY3MtsQ,2
1100,UCUN9dHZzw0_uEUwldYbgSvw,2
1101,UCUPTjpb6I4jOy3KPQQjdwVw,1
1102,UCUQn5v7mL5uDju_-p-qtqpw,1
1103,UCURZDFZgsetwUtwK2ES5xeQ,2
1104,UCUSuVZpdx7NE1CC2591Q1Sw,1
1105,UCUSyVjIyY9h68aIDYi8qSTQ,2
1106,UCUTRh3Be4y107AfOsn1u3bQ,0
1107,UCUW74VpjgwXWlbNWIh1rwGw,1
1108,UCUXBN3246cBoKTCcWZ9pFig,2
1109,UCUYPNyyOzdI7v3DjtLdyDXg,1
1110,UCU_q8J_lSMNXqWM5Jz9_27w,1
1111,UCUazUqXNGdmWPIzHgXwY5Xg,2
1112,UCUdJJDdU9GQDLwfJtTSmv-A,1
1113,UCUdxLugUb34iKzA-h_G6wrA,2
1114,UCUfIBfOrIl1UemYHP1TTJ9w,1
1115,UCUgF-AqgmLAjdhbUUnqqV6g,2
1116,UCUgscWeVdxMIFUN48FcimvA,2
1117,UCUhWxxb3s42YYk20WsgDaqg,1
1118,UCUj6H6y-FZwbliM2e7Nx_Ww,2
1119,UCUlHX2krMjy2yGwWQCJl_Tg,2
1120,UCUmp4648fkPVwXss4x0dA2Q,2
1121,UCUnA4B8fmU3PRw9IcryUJLg,2
1122,UCUprRqmopDK0hb8G7QYTE9w,2
1123,UCUrZJ5AbwWEj7dD3yBHWBzA,2
1124,UCUsnj9zAXT8eVh-iuCId2BQ,2
1125,UCUw-HQBf3C8dJ3e_L1IH_tg,2
1126,UCUw6CrrJTX1de4mLXIbvB5w,2
1127,UCUxmkASl7K1J6JMyNdhXkjQ,1
1128,UCUzPuVDFvKiwFknU6BNNBSw,1
1129,UCV-8sIT5h9Ki2kFRr5yqHCw,2
1130,UCV-zO-F7TfL2l5DLBkfEdKA,2
1131,UCV1aNzRfr2bYglifplliNTA,1
1132,UCV2s2r41pGRpI1A_n7eZxIQ,2
1133,UCV7-AdUsHwlV_TWWbj5Teew,2
1134,UCV7NCiCaBTVMsq6kbKkp4YQ,2
1135,UCV7bHk5H9EH-_R5KwSWuw2A,2
1136,UCV8bl2pS6ImoV-OJ51sMQvg,2
1137,UCV9ThR8tmp-h-UsVC2RmF6g,2
1138,UCVCIz9pry2F4lR70FdxLxgg,2
1139,UCVDTMkoJ6AE5PQdaIHk_ycg,2
1140,UCVFiE0g6mBIUImwa6cOxXRw,2
1141,UCVGCysLKvkoMnSztx2ab7lw,2
1142,UCVGSa15gMvOkIUY7xmgvhmQ,2
1143,UCVHPRM4xG1SeayMCRbfQzRg,2
1144,UCVHuJugHNi5ZW-xPFnWdBUw,0
1145,UCVI6qsnL6ZP_AJS2jFw_nvQ,2
1146,UCVNJ5aVYqQf-6lLQehF3kqg,2
1147,UCVNKl22_3M9bufak7wzp5_w,2
1148,UCVPdNtuh_NnlH2s6onSsSdw,2
1149,UCVTiepMg8G5_5oQ_8lvSjFQ,2
1150,UCVTrl50E7jeEVj5774uvWFw,1
1151,UCVaPmvpuyhvEUKxrePSkCAw,1
1152,UCVav8l5yORFVp6sZbW-eHMg,2
1153,UCVb4DpxehThStJIdDmgkDWw,1
1154,UCVdGDBkDxS_L6wnMmldu2aw,2
1155,UCVdPVa-gBV1wLv6Ukjn5LYg,2
1156,UCVfVNPA3mL787W1fGvJVDCw,2
1157,UCVgGMEGRpAwssYLCHNLz4EA,2
1158,UCVjAPPX8pZKQsUWaoZXMpng,2
1159,UCVlRtZkEG84_89e_zbZWOVg,2
1160,UCVnlO1X_WImaP6367_I6Gqw,2
1161,UCVoBFFe6g8ZfLV6tC3LAzDw,1
1162,UCVtUlTTkosCTjxMbAvdqHgQ,1
1163,UCVwo8kLFyc9YVgY7TTVg8Fw,0
1164,UCVx5J-mQpiIw8dWvcgrf4Ng,2
1165,UCVydfMzdYxC1MsRtCkvwO5A,2
1166,UCW-VmUsfeqr4YgJefzvjsTA,1
1167,UCW-yR2nRNDMIpjkcxQYLAog,2
1168,UCW1U4toLzp9YrJr0qU_vs8A,2
1169,UCW2VbYLf8CA2dhLld9ENWnw,2
1170,UCW39zufHfsuGgpLviKh297Q,2
1171,UCW4ScM83vXMBE7v9c5XklsQ,1
1172,UCW5rp1y5aewsZOv1AOAT0XA,2
1173,UCW6EBSKr6eqkO-Ddzd6A1ag,2
1174,UCW7bZuFjMKJWuxdxLiQa6nA,2
1175,UCW8G4vBNVqf8IH3gAkxdazw,2
1176,UCWAN7ZZt8VBUP953glOO_Rw,2
1177,UCWCAeqL2BpLgSf0qqky5MZA,2
1178,UCWCtkP1-vefwJBRsSko8fPg,1
1179,UCWDD1fm7veTpaS0NzbUtVng,2
1180,UCWGnCobUWg2ZIzjyV0DKFkg,2
1181,UCWKVzTHgGvpppi4sozXXXCA,2
1182,UCWMR3M1Ha6yEc_E1CX6obqg,2
1183,UCWMV1bAIsWnT_L5KTukBAfw,2
1184,UCWOYWM7hCwWmRzgZT1DqV0g,2
1185,UCWR2qANxwZ7ljUeY_UHv4EQ,2
1186,UCWR4QKPckeMfdFpyVvlqJaQ,2
1187,UCWSu3FXTrr7i6bHRAvFQidA,1
1188,UCWXFqlS_-4cPhIFONw80aPw,1
1189,UCW_2iUZ7757MyXyrIAPfeXQ,2
1190,UCW_WpjGapqVVj5BkB9RvOow,2
1191,UCWb54TXKq-d-eePhh8OfMXg,2
1192,UCWcn3yDkpQLiHspV639a5Ew,1
1193,UCWe7bFqlqJxAewDC1k4NbIg,2
1194,UCWerlfa1w4sPU4OQEojGbtQ,2
1195,UCWfO1MN4h-bDf_D236X3vWQ,1
1196,UCWgHL5djjij1q30_qRQCLrA,2
1197,UCWgdlgnh5o73YmTQ70bWHyQ,1
1198,UCWhpLcRatectR329qub25WA,1
1199,UCWhu15Omywk5C666bLnxmow,1
1200,UCWi1K9GPEZpaU6sicJOGSag,1
1201,UCWj1Y4AXeujJQcFPniR9Gew,1
1202,UCWmZXKJ3AWvcZQyFJdux0sA,2
1203,UCWmqOs39PIS7G0aYiF_TxyQ,1
1204,UCWoT4vaY84HFOvl3u4Y02CA,2
1205,UCWrzMian70tJYysvl0-Sqfg,1
1206,UCWyqmAsuCD3sDKDrM_kREnA,2
1207,UCWz4MCWQZy-1T0QlbMe4BeQ,2
1208,UCX17jyDZIHpsiefpK69gUWg,1
1209,UCX3NYUzrx0BYU4UK5-xCuPw,2
1210,UCX5hOcS7NLnYcyFzC_1__bQ,2
1211,UCX5lKBA_-DHefMgzBxWvpSw,1
1212,UCX6wsA9J5YDSTvBAObpKphw,1
1213,UCX85iqIlRL3EBbY3jK7P1sA,2
1214,UCXA2lepIpHZ24iQU22WgDeA,2
1215,UCXBAjK9385PcHls_Z-ZZmeA,2
1216,UCXES4W58zpp2fH99wDEIiHA,2
1217,UCXG8JjiA8Mm8vQsvDXDh41g,1
1218,UCXGwKgMQidCX1lfHIWeSEZg,2
1219,UCXN7_ME5Xp2Oft3edTUlVPQ,2
1220,UCXQCypFeASW2sG_-X5nrDIQ,2
1221,UCXRdGjZrgNQAfAreO8B9a5g,2
1222,UCXUhFCkd9CmntYJYTLdshfw,2
1223,UCXWDGOUmO7PgEIshvtJaHVQ,2
1224,UCXZYSUkj1eor73_Gv0VO1Ag,2
1225,UCXZpQgX1897wYDLtvzmgyIA,2
1226,UCXabKMRIrSv1KamaKAbC3fA,1
1227,UCXarOE3w37dO9bjdPkjzBwA,2
1228,UCXc-dw1cktg2h_JmUoxND-A,1
1229,UCXet0Z5g0IMH8HTxMlc2cjA,2
1230,UCXg65CqrCpzFFb5_70C2JZQ,2
1231,UCXgLa5yps1X-WlH4Sos5hkQ,2
1232,UCXh2s4c2BmjR5JrhfSezedg,2
1233,UCXj6rr1N1oM2ehw5WrzPMMA,1
1234,UCXkMPKygvpuwu2i-gW4PzBA,1
1235,UCXm-79-YcvMDPBO6SwZdM6g,1
1236,UCXrIVasL7wX34PcXeYZYa_Q,2
1237,UCXrwGKs2pnLxeNw81lkIzTQ,2
1238,UCXw6CJ-8oGjRk3aVL4ApAlA,2
1239,UCXx4174xu8vZFXB6sSUDTwA,2
1240,UCXzBBmGiuU4cOwpVynkIyFQ,1
1241,UCXzhLpDobUySYuKfb4lUVBA,1
1242,UCY-OxyaX4KV0nqfcm3RTtkw,2
1243,UCY2vvuomAx0ZuRrxoKI74EQ,0
1244,UCY5ol7ELzgkTUpCsaZMf4lA,1
1245,UCY8Vn66JPSUe4fctBT5Cckg,2
1246,UCY8tTmmVlediY0TJzk7aucQ,2
1247,UCYCgsmTJ2UCBvLRRNvVB7qQ,2
1248,UCYERSQQErpIPC4MhWYbEa2w,2
1249,UCYHAEBJ1GqwtnANgvHU3keQ,2
1250,UCYM93ajsqZv5fJdvCN6qlxA,1
1251,UCYPeAVYzm_j7BHkuMn0KcDg,1
1252,UCYQgpNTivA3XpIQqnNl1-KQ,2
1253,UCYTmd4Fmtmf8ArxDOloPB9w,2
1254,UCYVveL9RV9djycZQS_YiiDQ,2
1255,UCYXCyLF_bM8z7ffBhJUpDaA,2
1256,UCYZra9X1oAQaDu4zugvJ9Vw,2
1257,UCYack9erhV8ZpvbANGOakWQ,2
1258,UCYcy2JgY_oQwWVAGIYsWzfA,2
1259,UCYdoUGlybulmuQlOyRP-jRQ,1
1260,UCYfRZkoCr4tMdn0O7q7dSyA,2
1261,UCYjz8gEqYzOLGaKoNuEvung,2
1262,UCYkGv2O1L8lKNtGZZ2rdOWA,2
1263,UCYmXwf3DSyh_mKL-bp6juag,2
1264,UCYq4HwHIEvRKVoxE4FtSvXQ,2
1265,UCYr86JTCG1RCqTu49KjOIKw,2
1266,UCYsMuYa7VvYcaeXfwJyHMJA,1
1267,UCYvtkI2AV2uKOiQlXgXiOoA,1
1268,UCYwOE54oneoO127KumRfDGA,2
1269,UCYwaFQQFIUCXe5nD4QdCkLw,2
1270,UCYx2_vKvcl5AsgIFPQaDBhA,1
1271,UCYxa6rW6vD8hGZYKwGLRx4Q,1
1272,UCZ-NCcg5Xymp2OHK28Lyacg,2
1273,UCZ-XSZrnh4rYENgh1rKz-IA,2
1274,UCZ-n42838hC1qnhxO5q8nwg,2
1275,UCZ19t2Orcp4Z5pKA4F6bzQQ,2
1276,UCZ342zz9WE2pNOTYt6-A5bw,1
1277,UCZ3CKAFIO4dC0g6CXutYA1Q,2
1278,UCZ4hZoV-OOUo14Qm7aQE6zA,2
1279,UCZ5exPO3eveLYFt7sP4JNuQ,1
1280,UCZ94_Lf7_4cVeN1NExL7j9g,2
1281,UCZ9x9uSHzdulr8lXfDSwOyQ,1
1282,UCZAl7VjgjNv8JStrvHfSgfw,0
1283,UCZH8wWplUzkd_Fs-W2lp0vA,1
1284,UCZHHmq5EE0l337ejq38uRnQ,1
1285,UCZHWuzaP60mlV1Xm6shFP-w,1
1286,UCZIjVbQa_QAdBxLhocIjkag,2
1287,UCZJWbpMyNCt0xTL0ZEbzzuA,2
1288,UCZKsPDVNf8ZtaWfhHWpuCsQ,2
1289,UCZP7TXnC-IeskeLrkgHZpxg,1
1290,UCZR-Tw9k3S0PP4a90Amo-Zw,1
1291,UCZRBRnFUEQGB9jVQCDuMwTw,2
1292,UCZRaZpgtagfbZ54G4hkcJ3A,2
1293,UCZS75UFKVNajmqSC3MEWJEQ,2
1294,UCZTI-1O5eCH3Z5W_xtv7cQg,2
1295,UCZTtsdkTBpjGO_Kcx-sVhyw,2
1296,UCZVdJOhGxGEBO9hTRxxwOdA,2
1297,UCZWYKvR9MHMwtkTLrAfCwbA,2
1298,UCZWntA-MTsnNTx3LNzJa04g,2
1299,UCZ_p6GET7kvejwaLdWrl9aA,2
1300,UCZaCff8ppLyl7HDu5avZttw,2
1301,UCZaSvHWukOccI8RcmUqdNNw,2
1302,UCZaxmG20h2Yzpilsy3M2Vkg,2
1303,UCZhgN8vIwJE9bnyo1of9LCQ,2
1304,UCZkkjfO0GhtuGyDxilwkKEw,2
1305,UCZmFT9lIoHxqPFrJ89Qrblw,2
1306,UCZnFKwkeuDzP7CB3EbCVeEw,1
1307,UCZnjHqN4KwzElQE0pED-3wQ,2
1308,UCZo4eXVc3Le48RTarTDCfFQ,2
1309,UCZpAw_uBRtWVEwmecLa57xg,0
1310,UCZr4P3BhyeFG4svoU-yc7Ig,2
1311,UCZuEnpukfE8HukbcBKE42AA,1
1312,UCZuT0ypM1EIakVF_fqUYNhw,1
1313,UCZucyLd1RBUIaMrL7LeLgrQ,2
1314,UCZyx0olbWr3wEw9yeWOYFcg,2
1315,UCZyz9OWPPxWQGwcEsGXeRHA,2
1316,UC_-xzsn4PKtgDOrtLDIK04Q,2
1317,UC_BU8jT4bRR5eAnw1VEDDGw,2
1318,UC_DmOS_FBvO4H27U7X0OtRg,2
1319,UC_EF07UOcVXvQZP-ihtxccA,1
1320,UC_EowQU11sYlYyoHFTLSnmg,1
1321,UC_JreweR4lh5hMDHNXq5KSw,2
1322,UC_LUIDYMyXZ6AsTn9TvBFQA,1
1323,UC_N8o8njlftF7j4jn0BdAQg,2
1324,UC_NHYs-zCJz4dE1FHhWKgJA,2
1325,UC_Nd7Z0r2qD2E18uGIYHogg,1
1326,UC_O0lpRlqoTd6ysFxIPXbmg,1
1327,UC_OENQftgzuMLy0OG-IEgvw,2
1328,UC_PwlAi-OpObZui61CysQkg,2
1329,UC_UnJNzjweHO2SHb_34CHwQ,2
1330,UC_VKyvkJopKxD_zqQnNBYVQ,2
1331,UC_VrVBz6Yn6xgni4U8Xr0KQ,2
1332,UC_W0sV0ialkdk_Qkoyllfkw,2
1333,UC_XO4M_-aFHIu18IQqwMohQ,0
1334,UC_ZuvK1aMXTvMaYosSfBxCQ,1
1335,UC_cE2Y6KnKqXUBUd7aDL3WA,2
1336,UC_h_n2FFsn_QA6SLO7Z37lw,2
1337,UC_j0ibH0LzkPa6LY38mDUFw,2
1338,UC_ljg-OOTAFDC5e7BjSxQGg,2
1339,UC_oevuvCzci8mZ8SU4SBxbA,2
1340,UC_qE-Obs2ocdmPXY0TIU-cw,2
1341,UC_qkrY9jClmBJmbtmZDNhnQ,2
1342,UC_uzooYq5nhjBU2hVWb3H4Q,1
1343,UC_y54aB1tdzpVhL0Y8JZIcA,2
1344,UCa-G6FvzQdqWxZp-0OUkPUw,2
1345,UCa11kDOJPmTqrSNvxDMGBKA,2
1346,UCa1WbVCkTqd5ecG6G2adIow,1
1347,UCa3u65KHLECyy2fSY5zGQmQ,1
1348,UCa7ILlig0qlxmCUF2OOVE5g,2
1349,UCaBVAUXkf1p_UizgS30W4Gw,1
1350,UCaCEsklg1W_TB4Z5tXwIwJA,1
1351,UCaD9PJ4oUcgvEkA53yWmPdg,2
1352,UCaFioF0Bhiy2wDT9jd_6S3w,1
1353,UCaHFn-WJdgU_tIQHThSD7Jw,0
1354,UCaJeMtB3YJFU-R20_NirbjA,2
1355,UCaJkvmjMH24fBz7oTU5JYKQ,2
1356,UCaKch6nd1EPwfW7Bjkgch7w,1
1357,UCaNd66xUJjX8VZT6AByVpiw,2
1358,UCaP1PNnr055fOt89JPry51w,0
1359,UCaQG9rVVEeHw2DdHVOL8Zpw,2
1360,UCaR08eMzz9DhoRdBOczxK0Q,2
1361,UCaS2ajqXomyjHbulmnYG3PQ,0
1362,UCaUZkhmwJ4x895vgMCYeZvQ,2
1363,UCaX_nZY8VTb3VMsHYHu4f3A,2
1364,UCa_eA_-_1MpEmq-8janxCqg,2
1365,UCa_l7SoBrVGc7us2fHnzTQg,2
1366,UCaaCPFnBSu6KX7xfBfQhxiw,2
1367,UCabOciSIDZ2q4cwbGEgUD1Q,1
1368,UCad7WXn52OauIYt88mVlRRQ,2
1369,UCadJj3YOkTdrGczGkQTlzxg,1
1370,UCagZ9QezfWx1ldbi9XAReIw,1
1371,UCalswELwoJNKTH32l544jkA,2
1372,UCan5ovinjOBgFomGKlf4W6A,2
1373,UCanN3QdjocJMTflqpPRWnTQ,0
1374,UCas90joK2t5dq3eT3wRSx5w,2
1375,UCaspuuSg8Xwwilw3Kj_mFgA,2
1376,UCatV47tAv8iOVNiE3K5SNlg,1
1377,UCavOKsE8cEIfzQ4RdfBqNfw,2
1378,UCavVzkbohRZ9QnNz-c2xecA,1
1379,UCayLcKs-zl671ByszYvzcSQ,1
1380,UCayPElPBmkYvik-hqkz9wIQ,1
1381,UCazMCZI0UCqab3tc7yi18RQ,1
1382,UCazhIWMUOcg-MQN6TUpT6ZA,2
1383,UCb4NxIMAPkj0ZF1ypoHVHAQ,2
1384,UCb59hJSPhwEmc2hMQo2rtoQ,1
1385,UCb6hMfidmVzNhEdy0qfE7MQ,2
1386,UCb8fmV8PHGaDy2GRj5LIoDw,2
1387,UCbBuCYjTNXEdpqzJlx99Niw,2
1388,UCbCbzgrUUSYgkJ4eP0MsEvg,2
1389,UCbDjcO4xeYDtpaACq_0MHOg,2
1390,UCbE2PpfSMA7G4m_7DPcpUkQ,2
1391,UCbGdT6VycD25dUsbTh8TKiA,1
1392,UCbJh7IDDTAUEOV219qKwndQ,2
1393,UCbNMSXrLwMxnohc4MgsJbwg,2
1394,UCbPEQX6H23WEbDTYK2VkGTw,2
1395,UCbQPIX5Wbn3sgbSJGO25FiQ,2
1396,UCbQPO8TtZqhQ_7_1To2yarg,2
1397,UCbRXdnVH_SXp6hg2bE_0XeQ,2
1398,UCbRnsqC6mtydG8lfnIcobXQ,2
1399,UCbTcCIQS6YeZdd0IzrHJfFA,2
1400,UCbUM4ny2TeFqi96p_Diy6ug,2
1401,UCbUav_0pY-MAT3lHQjvROog,2
1402,UCbUb2KBl6pmdlisatCgx_KA,2
1403,UCbVYMbVfA33AXeczwONu9Rg,2
1404,UCbVudWys8Vl21VMUtanB0_Q,2
1405,UCbXq--BQkPAOBkUEjNTnp2A,2
1406,UCbZoj3d4AfOOpmVhkeLKUUg,2
1407,UCbaDTosO8BZ6fwD94nf1uIw,2
1408,UCbaXhbJmHImr01VGJRugFcQ,0
1409,UCbe_EmZgAr3mDXX3JU6dz2Q,2
1410,UCbgMz8f6b_GtL_-blh8ftWg,2
1411,UCbj5U-8IjSFVHudnaWATnmA,2
1412,UCbkrifxiaHa0nVwW2sDCVqw,2
1413,UCblobRSRyeZNr7XGuYdVsgw,2
1414,UCbmJOMbjw6AOlelmC-sChXg,2
1415,UCbmQjZljdlll6FWTgOX-lzw,0
1416,UCbsorzHFNfrSsPH5uOMuWUQ,2
1417,UCbszG9TPRAwqRR5bcmvgcGw,2
1418,UCbw3UV7OIJteZR-NLlKj1tQ,2
1419,UCc60d7OhRr7OFBRN90Sq82Q,1
1420,UCc6av1w9GpUrhIJc5nxH2aQ,2
1421,UCc7945j5YYbtdfOVxLKXjtw,1
1422,UCc86xmdsLDX5bpk5FuTHR6A,2
1423,UCc8UBA1ldtB7QlmsXWHsDtA,1
1424,UCc8wC7ftYNIzu5zqw4wc4tg,1
1425,UCcAU0-hEDBFxKZvQu8KbBpw,2
1426,UCcB93jxTc1tPHCkS2dTf1XA,2
1427,UCcEjb-nxm2SIUZaxvCmCAAA,2
1428,UCcFkkfMMGnTNl6BIxcCc7QA,2
1429,UCcINnRFarxYyOlnRi5-OclA,2
1430,UCcJIu4YmaRZODz61fXcyw-Q,2
1431,UCcKpXqJ-7Ym8_N1GFlyhLyw,0
1432,UCcNMlXSmZrLXKGMisxXIfIA,1
1433,UCcNNNuVaRNxjIFoicnDcRlg,2
1434,UCcNzLDyHXpp16JuzHEnWIfg,2
1435,UCcOF6SwND7waJSEN1B_9K4A,2
1436,UCcQGxcgzJ0Z12kBUffO4htg,1
1437,UCcRhOhABLymFWuR-nOLSH0A,2
1438,UCcSYwUEkYI-OR6Yy9CKZeFA,2
1439,UCcUQN75FQaojQCDHbTdZZmQ,2
1440,UCcXH8eSVcRuu2PPvzs7vHKg,2
1441,UCcZbG35AHNH7nD2FN9TSYhg,2
1442,UCc_7uS6QHI7B2qwkvnp_WMQ,2
1443,UCcc4mfGlTs7gDtXqhg4bGfw,2
1444,UCccWDegX4fN13kgWqNJ8Ciw,2
1445,UCcgDixJe7qN2wZq_ANHl7ng,2
1446,UCch8CieXz4uBKKeOpsTSlTw,2
1447,UCchgIh8Tc4sTmBfnMQ5pDdg,2
1448,UCcmufZuDE-q16d2gCXyVegA,2
1449,UCcob8jpmkfXtkGF-03s1MMg,0
1450,UCcpXh7YbhrmNk9uowKnWRJg,2
1451,UCcqgHprD6IPEEHz8kX1aHsg,2
1452,UCcuqswtGfn-OLJG6_V_KSQw,2
1453,UCcvVfDUS3d13aB3ruwEUm_w,1
1454,UCcwGwvM5iPB9IvtTnMTVcEg,1
1455,UCcx6fEomvifyPvK--RvaoSw,2
1456,UCcxwG4S39E6YGDXpvYiwtSQ,2
1457,UCcyBMT4Z35YJ2X9U9iXbM_g,0
1458,UCczDHlOJqmN8wVDAmeosN_g,2
1459,UCczJ_lEFY4d7wb9jTCE-BzQ,2
1460,UCd-r5vz_RUW_PGr-As5xFJA,1
1461,UCd0Z6vbCLkVFVdwRZRSv2dg,2
1462,UCd32GYDnQ33DWfqCUZfrwOw,2
1463,UCd4vbIU-IiYS758UhOJSYdQ,0
1464,UCdD-9LCn7IFYhcQ-w2_i62A,2
1465,UCdEIqdbg5TuuFyqc2IHKcvA,2
1466,UCdEifb3hVwwHASQwQtAOSsA,2
1467,UCdHIjrZyAclxbgWTTnS-uHQ,2
1468,UCdHhta6kMS9IYA9Xul5jCxg,2
1469,UCdIw2qDFN5wZgdL5-EG5aGw,2
1470,UCdJeZf1KJHUnnsGTIddbS7Q,1
1471,UCdKwIQB-sEuEj1CO8Wv7GxA,1
1472,UCdLNkQLRxJH-735Pe0kHmnQ,2
1473,UCdLuTh-aW1yx1u7MH2QlJWg,2
1474,UCdMb_cEukIHumq0DSkKIQcw,1
1475,UCdMi6F7AJH16suGdgd2BOmg,0
1476,UCdNlC_8BDKy-w4kzjYUwxpw,1
1477,UCdO9DDmh5v7ekXkrCuuVXAA,1
1478,UCdQGXfQOWAopG5ulp7Ja8tQ,2
1479,UCdUlO0_2ZhjkpyVEjBrkiIQ,2
1480,UCdXC7Od4e7Iw0t88MEjpN_w,2
1481,UCdXFRX4wNaum5t4sEolgtCQ,2
1482,UCdYd_my-rEQcUqLTFi_2KDQ,2
1483,UCdZy9k05J4B07lMurrQ_70g,2
1484,UCd_hnuY3vUytc9TDhA4CgBA,2
1485,UCdcSq9SpirmzkY33YepbyQg,2
1486,UCdg6VAnmlxkrhPej34aVLtA,2
1487,UCdiiMy5D391qZE8jIrXVoAw,1
1488,UCdikqFcS6E9qUtZdEnMGxSw,0
1489,UCdl36VKxBobh0V1Fb_AFQYg,2
1490,UCdoKORFuIYzltMLnKuQjWEA,2
1491,UCds1ycQTTTUVbDsEqz12T-g,1
1492,UCdsVH2ztmvfk3yrIlQtg7SQ,2
1493,UCdvv1L8lnh_5NFmBjnM3-SA,2
1494,UCdwBHYwVgVHN9PeC4inAKsQ,2
1495,UCdwFXtUpVzOWOW4eVytdUwQ,2
1496,UCdwhFZ10xyQ7XWRTOsgtmLw,1
1497,UCdxWFcK480_RwnqoAJ84rag,2
1498,UCe0GBc2k5blpSC413lrD7cw,1
1499,UCe0aX8lZ-3n559NpgVJ1ohQ,2
1500,UCe2sCpz0Ysrckrfa_LmB77g,2
1501,UCe5gXRZU8g_6QMj7IuNUdWw,2
1502,UCe79PFyHjEIdMs0zYW_XIjA,2
1503,UCeAlKeR0xwvYbO-LGUGzB0g,1
1504,UCeCJo8CMTF7YocC0IDqrU6Q,2
1505,UCeEFSlhd3CsPubCjGdVyqOA,2
1506,UCeEMK4cGsZkt8QSOU5jE1Rg,1
1507,UCeFRyfqZshylIAYfcDDMwYw,1
1508,UCeIkcwahVT1LRdqIXDDyYXA,1
1509,UCeJts9Qs_XBib5LEptneyOw,2
1510,UCePj8BYi3LTVQl6ALG5j75w,2
1511,UCeQEca21fECXrEOZk9iO2Cg,2
1512,UCeQXBDMGpcWc2RFXhMCoVPw,2
1513,UCeTDjaTpJxdnngbgl0xMiXA,1
1514,UCeU49texBwGOaotU28eCpeA,2
1515,UCeUBDfuaKbgjYVN-236M60A,2
1516,UCeUX8L7nU58E_rnUOlLEnKw,2
1517,UCeVPPUvRzAg_CkW3r5nmWaQ,1
1518,UCeVp7CfV0b96JGoJu77l-ig,2
1519,UCeYLML57ovZZp3yb0fkxhlQ,1
1520,UCeaT7QWN5_gQOCKWYf8i4AQ,0
1521,UCeauBGe1urI9uHZ9akzzejA,1
1522,UCebVw6VT3C6n7wZOWyVYg4g,2
1523,UCedG4fyjHu3aOnjOpU9TclQ,2
1524,UCei8pcy56Jq4mUj4lAlRvEw,2
1525,UCeiGVyXeoQX37EFKDsHnSrA,0
1526,UCejLSc44mM6giv2JnsVQe9w,2
1527,UCelH8WMB3Wg-y4MZ8K7rPpw,2
1528,UCeoRAN5sr02w8_9aFWxIM4g,2
1529,UCepaN7xDNb6docIA83cj2_A,2
1530,UCes8HqK_DDyebDs2U8GZA0A,2
1531,UCesQ4t_NKAVseRI4dhOspAA,2
1532,UCeuE47sfZA-M-dkFPGUwBpA,2
1533,UCevES8doX0jYIuzi3_7pxBw,2
1534,UCevNJDNNIKmG13YmTqLnZ-A,2
1535,UCevjuX8P5fBQKwR4UmHuUgA,2
1536,UCewEWSbtVEOju4dujtKUFJQ,2
1537,UCezYkNHm4NB3nKYBtOCewIA,2
1538,UCf1EJTOyXV1VGIQWrxzidPg,2
1539,UCf3idfBUFhDH-pBDR0mcXHQ,1
1540,UCf5zT9boe1nUAKEHYYGTjew,1
1541,UCf6IfmBXqZZOPR1iEaiVDoQ,2
1542,UCf9_07lWnVS2k1iW0iaYcbw,1
1543,UCfADl3FvsZnto8iOUo2OLkA,0
1544,UCfB9Lb0AlOS6B1cBwyggOzQ,2
1545,UCfBFre24rTd2p_citIfChtA,2
1546,UCfCRGR1sgPm85edH2tikB_Q,1
1547,UCfCyjWBfCDoIxHxt9W1EPLw,2
1548,UCfFn7OIKYeMIzgo_s6-x0YQ,2
1549,UCfFviYmdaJZYEra7nx6IKDQ,2
1550,UCfJXhSYCcorSbeHDFZ7a_lg,2
1551,UCfKbPZsipYizyAsOopOLUww,1
1552,UCfNWIcUS9deZpODCve28Tfg,2
1553,UCfNiGNKC7bvD6AqcV9X6y_w,1
1554,UCfNsuS7FzXjZ_Lp1p4OEKxQ,1
1555,UCfRynzGKfPdPsfaeRLQec1g,2
1556,UCfSTRwnQL_D30A1qkQVwf9w,2
1557,UCfVy-LBdP5Vy6qEVvHhMvoA,0
1558,UCfX9Mqw6gdpfdVSsFWdKCYg,1
1559,UCfYyVZNKJBhaUMYb4UqZkow,2
1560,UCf_ZPVYMvDas_C5afj5sW8A,2
1561,UCfaM_Gf9XZXTEdTBpsS5p2g,1
1562,UCfb0LMaYjtIblImKZLWZ0tw,2
1563,UCfbWAbn7r0L4v0Z-68j9yng,2
1564,UCfblXJZ32Y0rSopQXhuLWcQ,2
1565,UCfdclpGRKznLuK3T-4pVtVA,2
1566,UCfeYI-ocagu37doWLS_mJwQ,1
1567,UCfhArNtY3LmbtXxSeEQV95Q,2
1568,UCfjhcA-spWSO8HTeruswoJA,2
1569,UCfk2tHbUwraPERg3Q4fQM5w,2
1570,UCflPKpVUe-g64n4OhqZl8oQ,1
1571,UCfmr_2OEwUWJZvblBEYWb-Q,2
1572,UCfnMKYFkV_gaWvkCsCd5nfw,2
1573,UCfogw3upPjt7ht4d3DpMSHw,2
1574,UCfvH7UafjRY6HS-RhwthPQg,2
1575,UCfw829pmV1Ird1W4a00btgg,1
1576,UCfykKs2hfKaHZbNSBnMzRpQ,2
1577,UCg32L3BqxPZ8NPTXtJWsc0Q,2
1578,UCg8um6oKZA9Yaf39NA0DITQ,2
1579,UCg9Mzxyj_Ot9TaGfYijL6Gg,2
1580,UCg9Nu32i40hrNdE3snuH1lg,2
1581,UCgAWYsUt67AvalvymEDnACw,2
1582,UCgG6PRJfttsykOU7tkrUzWQ,2
1583,UCgGZ0GL1uDraLtLVOUDsJIg,2
1584,UCgHjxSjLgAABAvEJN65-pUQ,1
1585,UCgIR2dtyNcI6ZDikQnPh9Qw,2
1586,UCgKF5lAEBZIZaXNnJJLzquA,1
1587,UCgKWj1pn3_7hRSFIypunYog,2
1588,UCgLNepA-1YBwExtYMMi5Mcw,1
1589,UCgLh03K1BvCCFnLZj-kCRwQ,2
1590,UCgMU1bjuy-gVALokvdl8d4A,0
1591,UCgNFUtgn9eEMpKNWAewQmbA,0
1592,UCgNHJeXt-ro7b5Qytw2mRPw,2
1593,UCgOSA5xo16aUeYiXM3X8zrg,2
1594,UCgT9nb6H-nYX8ZsbwXdfuJA,1
1595,UCgUNl53cPjOWFa9JJkCFsqw,2
1596,UCgWJSXRD6xO3FC5W8EcGubw,1
1597,UCgXizSBRhjt-T9wMnKI46rw,2
1598,UCgZM50Ig7STDS0l6f_QnrXw,2
1599,UCgZcxk4U26kI3BEfepLmtOg,1
1600,UCgZuvBwwfcEFPnb9JbssDmA,2
1601,UCgZxbo0FLeaaD_zKAY3E0kA,2
1602,UCgc5OuGSEIKOXIq5EUzYJOQ,2
1603,UCgdHirzl1SU5Z1241lwUtBg,2
1604,UCgfN_syVS-mElFNY-Dmxg-w,2
1605,UCggSM9lvo_fxoqFttrrUnpg,1
1606,UCggsROMFm3GCrw-R2Afg7Og,1
1607,UCghq-nA4dY5xcGwux6QDK_Q,1
1608,UCgmvf5oVNYvoSIaYB_zeGUg,2
1609,UCgsECU-AhjplTcq-MNxn0AQ,2
1610,UCgtV3OCQybgcZBzcHj9El9g,2
1611,UCgu4glzKpmHPK4cjgWQGyvw,2
1612,UCh1LkG_3QNYncOLBriksY5Q,1
1613,UCh1rAMEJIMnrDq3TXp5oi2A,2
1614,UCh3vGcU6VFEdyoiKP_09qTQ,2
1615,UCh3xFQNd3IiSKMkjfs4OeXA,2
1616,UCh40F2ON_ElpZ8oImfgGuUw,2
1617,UCh4QgrppXVENAKqML9AaChQ,1
1618,UCh7PA-y-PtagrCdLqPfX9Sw,2
1619,UChA35GCRIHYwsRrKhg02WAQ,2
1620,UChAQnsLNJB0U48C8Dw0K28Q,2
1621,UChBlpZEZ5t3RvzZJC_JyqDw,1
1622,UChFNoRcEKlYyO7YdHuOt6yg,0
1623,UChG9eiqxUWJRbhpptB_xlBw,2
1624,UChIa7HFHKCZWshCwByl8wQg,1
1625,UChKz85Lx9S9xKEwfA3IKCWg,1
1626,UChLYQnrERZ1D4Py4ldrkeOQ,2
1627,UChMTF31y_uba6j7VFd5HDaQ,1
1628,UChMrYZF2PW4Vbg37mYt49KA,2
1629,UChNp0tpP8uzZG4W_gIdB9eg,2
1630,UChOFN0NGB8Aq3tpkrBkXkmw,1
1631,UChRHg8KG09MANn93hf6KdWw,2
1632,UChSmrzdzu60GbVuDqzsfMfg,1
1633,UChVEhCjVIHzw8llO2TEpH8g,2
1634,UChVTshRPADqkrnvoKC9NkRQ,2
1635,UChZ7D5h4FsHUVx7aDVNItsg,1
1636,UChZxNibDbv0Qeh8DdGJYGdA,2
1637,UChaK3GT_S9cSl8z1uownQBA,1
1638,UChalvr3B9_UQyQTTqYT-NnQ,2
1639,UChenwEseCSjjbKEgVVmW5EQ,2
1640,UChhjNYyGTQot8V6yF5s0yrQ,2
1641,UChiHd1HLdEj9z8TsqcyYdJg,2
1642,UChoHf0XIegLxfSTerZNwgKg,2
1643,UChrpMLsio5ksK4gL9Gyv13A,2
1644,UChsSMpSi8mxSXuBp83wWycg,2
1645,UChsaAs0RqPI5YzRLMsCxO9Q,2
1646,UChss-FiVRICEtfqXqXmPzFw,1
1647,UChtPvRqtwL--Q4pkG92nRlg,1
1648,UChuq3tm4LNL-Sljs5uiaUnQ,2
1649,UChvOEM75SyYCwtTJ5s43dZw,2
1650,UChwNXE-sTyUFx2zzVHTs81Q,1
1651,UChygj7YIH85zIFjrzBV1HLw,1
1652,UCi0o0_vg1GjKYThfeiKXOIA,1
1653,UCi1AHDaku-9aUG6RNYJkTBA,1
1654,UCi1cUKN8gFSfwcUpHa9rNjw,2
1655,UCi9_BNSLX1lgG_EDbnDyAKQ,0
1656,UCiAfarbsbCJXMwqNIFCgfiQ,1
1657,UCiCxo2m71Zr0Frpm4RWODMg,2
1658,UCiDete0WgqwktfQToYJSVfA,2
1659,UCiGWiwrLaH3UsJdFvQyrMvQ,1
1660,UCiHG6ojs5NJJGPkhT7fzW6A,2
1661,UCiIEywB1LknFP9DB4_CmtvQ,1
1662,UCiIFrVLoXieg08lIqmIT58w,2
1663,UCiNCpftrcN4j_kpZrhOa4jw,1
1664,UCiNkapPu7nmmM_LoDv41_eA,2
1665,UCiO87H_llwt6Uf9SH6TB-Sg,1
1666,UCiOSTezj_FGOpbQiZrqr7ag,2
1667,UCiV62cYcp1N2rQYTxnnbwPg,2
1668,UCiWv-m72CgKqcJlNoenykMQ,2
1669,UCiY7in2IwP5iuG89IcAkLNw,2
1670,UCiYp5zc-sepgGcJxx3Q30Yw,2
1671,UCiZwil-C_8NzmxK34DMBVmw,2
1672,UCibZkxCuAYXnRIPOW57bSvQ,2
1673,UCiek2m0oKQ-HaCfbdxuaG3g,1
1674,UCifNiltzkSZA7MOakHwTIYg,2
1675,UCiiOhdzpkf7U_Xsp7NgqBww,0
1676,UCiifzuwbLqNwZTPIE-aJkRg,2
1677,UCijOxQpTgFywuvojuTQIn1Q,1
1678,UCinfzg5R0E8O77aoCyhcliA,2
1679,UCioHLVE5mr0ohjIJWEz94xQ,1
1680,UCipINkFDi9p6Ci9nqSWcoXA,2
1681,UCiprA4nwpIfDzc_gNyjQbBw,1
1682,UCir0fqDXLQfFaEeEWMYpgmA,2
1683,UCisxYowMW5t440X-Z3YwSEQ,1
1684,UCivs4keMr6IC9Z4uhRde5Fg,2
1685,UCix7JU3kQC9KxRFur4CdjTg,2
1686,UCixcYpyWdQ1W8FY-OJxheqg,2
1687,UCizQohbbza5HKmw8aTqopbg,0
1688,UCizrhflk0IUaqM2WLzzceSA,1
1689,UCj60kriAgTNh0puoFOEBFlQ,2
1690,UCj6GMzP_JSu4IkUuKyVOvsQ,0
1691,UCjDoEfoan3v1PfU1G38ECtw,2
1692,UCjDoYhNnN9us4KDrANqKoaA,2
1693,UCjENTz80W_6YD4C0XqNPWKA,2
1694,UCjIrq9fv7uIfx45Yv17kIlg,2
1695,UCjJwaJHQBkbZwv0gjkZVzqg,2
1696,UCjLZSRGkUvrWQ9FeNiY-hCw,2
1697,UCjO4NWLhxQA1mIYGZZEkymA,2
1698,UCjOxEfpwOaHwFf5Vc5Hzhzg,1
1699,UCjP4oD__TcINAaYd5Cn-DUQ,2
1700,UCjPKwEIzrLNGnkOzS-lnrmw,2
1701,UCjTBBaWcz5zNKVPf4nDYhTA,2
1702,UCjVlwaQNpawSNedxWgyYyrA,1
1703,UCjWnYl_RNqWKPK6LvKIVACw,2
1704,UCjWpD8gR6wh41ZmHyypdAdw,2
1705,UCjX8rQUsVgFPl7GvuZ4HqmA,2
1706,UCjY_2t4ej17qmVxuAHluSWQ,1
1707,UCjbCZjNJXG-ZgrKMHpa2h4Q,0
1708,UCjfqWYJEdg2MgICjiqcFdZg,2
1709,UCjllvqaL5v2gNvuZZl_NNHA,1
1710,UCjoxGladiBpZ5inPPxJHCbg,2
1711,UCjrZ9UY7tAqcLqfgTN_Ox-Q,2
1712,UCjteFpAejkXe7SAmoHoEMUA,2
1713,UCjxAqx8vFRKVs4_vaB9WZTQ,2
1714,UCjyZi6sUQJ1g9rVf08BDbIQ,2
1715,UCk-Wj6ZUNg1eWOoiwixDSgw,2
1716,UCk0vwBWh-Qex80eMieEfJvw,1
1717,UCk252Co1jSSRgyl597Z-gDA,1
1718,UCk3-ire4rYcCwI9xuocjMnA,2
1719,UCk3P-pNVhpvK0RRejfUWSJQ,2
1720,UCk4sDvXpyLYVRwAaUDhdztA,1
1721,UCk6RUGsfWI-3kPrDlMUfvfQ,2
1722,UCk6vH8Q296SeL__LTukRmTQ,1
1723,UCkBP1RFuMfjvvXlcscBYeDA,0
1724,UCkD_061dkecp1fjUnS52XUA,2
1725,UCkI4NVtKDzmiZhd4rT0a_Mg,2
1726,UCkM82ATb_K4A7G6DTMb6xyg,2
1727,UCkMSHLAO5PCyS5ZJRKwsSTQ,2
1728,UCkNMTRjHp2ws47EAII6CEWw,2
1729,UCkOWuC0J-y6D3f6AW7-raeA,1
1730,UCkTB0PoIsV_R78R7AIDr4pg,2
1731,UCkYSdv9e36d9Lx7mQhjGkpA,2
1732,UCkbFiBwMYMXAqifXF4xo5Uw,1
1733,UCkbTTGoBpjX8ogXHCt-aegw,2
1734,UCkbhoQllek49YCenflGzuEA,2
1735,UCkewl5G_XjzA7mqfmNx6nCQ,1
1736,UCki96wrFha9MJUm7OHxNr9g,1
1737,UCkk_f_QvG9XgFhkIXN73hCA,1
1738,UCkrCOklLChMhmrWF4pNr8TA,1
1739,UCkrzciWUir1tOi4m3BRoAQQ,2
1740,UCkvvm3AF98e6hE-1_6YKHBQ,1
1741,UCkwEqyimoYTn_nckoqV9iyA,2
1742,UCkzTM_jU90KwZRfC2R6x94g,2
1743,UCl2Zgt2OZMrN2CtGLH7xHIQ,2
1744,UCl2c2_PSD5VmHp-mK3MiFuQ,1
1745,UCl2e5h7AlGVAxXMqJkY06cw,2
1746,UCl2yjBPKm74zMYfvgIl3Ryw,2
1747,UCl42aFqRJfTVxTEy5o-AEfA,1
1748,UCl5WNfGjHLpUdelThGDsy6Q,2
1749,UCl7--miFnSOxHjkZdjGbkOQ,2
1750,UClD4hIBw_K8faG-p-MLgnhA,2
1751,UClDATH6nFDzVCC7K4DA0bkA,2
1752,UClFqceFGbpp5JkkNht1Krcg,1
1753,UClHatV-PloVBd8npGiPrDQw,0
1754,UClI0VlU0yZ-qoykaVA8_yBQ,2
1755,UClIk67ESg8zqE8SlER3JHvw,2
1756,UClIxGAPHBbKGDu2PoCEyjDw,1
1757,UClJtqREzGSluWr84ZaGYiAw,2
1758,UClK9krRIQtMX0GDi3AdI7Qg,2
1759,UClKsFSJBl0YiZO8FQfiGt8g,2
1760,UClM71AuCbCZdJMkxm1vVTCA,2
1761,UClNPad3rWjBii7wV6NonjYQ,1
1762,UClOO9xalVo8hIp9WCvZtGFw,2
1763,UClS5rDWCt23wzrB_m4nMP5A,2
1764,UClS6_I6FHVdN7xObbD4Z22w,2
1765,UClScXorRO3hYcNh0q67bTyw,1
1766,UClU-6mupTD-n9s4beFnoOoQ,1
1767,UClXCNkjUo4bpbBKPY14T-CQ,2
1768,UClXGvTdRI2qGyh9gw8S-_jw,1
1769,UClXM8Fktwg3AZwq47bB2qbw,1
1770,UClXe-FoTmbiGLjiYBFNqX4g,2
1771,UClXn2VJYcxh1VERwBlGWYNA,2
1772,UCl_7TcFxC6XNZOVmJClCUEg,2
1773,UCl_nMwpC4iRqQNisLp56MrQ,2
1774,UCldjfMRBFtamsxLydkzrsyg,2
1775,UCle1ynkGML3Bkhw32PK7hhQ,1
1776,UClf2Gts5jH9gnKjdY6Sj21g,1
1777,UClhHw3-Zma0962VtT0OECAA,2
1778,UClhKv3x7IPYmqGPQl4TuLwg,2
1779,UClhd_qs8mC3ZyTWIW22CtVg,2
1780,UClicr0-c5KAGIbburf9dujg,2
1781,UCliz3Fu_RMEpd2gpAN0dszg,2
1782,UClj8F3bhpE_92H6_QX9GOSA,0
1783,UClrBODggJAANi403sPUmi-Q,2
1784,UCls4heLQJK-3JD4Lc0tupIg,2
1785,UClw0iIhMDUIsU_lVlWVyyiw,1
1786,UClw3WtQEoTF7UEUT797t5rQ,2
1787,UClwA6ELbcaPjeOkRZJHksBg,2
1788,UClwlB_LnbTizBFy-CShOH7g,2
1789,UClwr4oXiR-cbzmOoKX7mB6A,2
1790,UClx0XCRKSi-Z8RR9gaZMpeA,1
1791,UCly0bBRrf5fvo9iIXAppU5g,0
1792,UClyLYIRQ9vehnTOxEhjJEOw,2
1793,UCm-JxKK4lXoSjo5uj6g4qSQ,2
1794,UCm1UMx2aX84AK_1N4kySvQw,2
1795,UCm81GsIDG4-HeiAHxRmJyjQ,2
1796,UCm8ZH54qqv1AnVYrpe3oY9A,1
1797,UCmCAqJa38eaTA-Z_3Q6DiCA,2
1798,UCmCfhlzBnLnwEdvQsb17Tag,2
1799,UCmDRaaRe76stZXRjw2fhf7w,2
1800,UCmGSJVG3mCRXVOP4yZrU1Dw,2
1801,UCmOEpDt9yTZjeex4nuGYfZw,0
1802,UCmPPgP4PJJ2vq13vfhhZ_zQ,2
1803,UCmSK6pIw4ZbzpHdXBdlKG0Q,1
1804,UCmSdwF_hHkD-llfQLmpznpQ,0
1805,UCmVUJFU7zjwkyUDceAYe7Vg,1
1806,UCmXdUtOVKYwbcqWOIDu2Yqg,0
1807,UCm_EkAimyNiRRWymDC6BWew,2
1808,UCmd22JxkNRtTARl8hWVqniQ,2
1809,UCmeon49bYR_1RQMzV5JIw7g,1
1810,UCmiip8NqC7JMWLx4FYsB9FA,2
1811,UCmkRbuQBhG5MlotLW6t1-cA,2
1812,UCmm6PIUypMP1xFugFB5uoCA,2
1813,UCmmpekFJOAj-F_X6xzfmb3w,2
1814,UCmov4IqUCycJ5_lZK0eAzBw,2
1815,UCmp6iyK_TWI6w_D0MFJ_lmw,2
1816,UCmpJPlQMwA9CfMMGTr7OQeQ,2
1817,UCmq2O_3-0BbTcW7EJ1L3SVQ,2
1818,UCmq6aghcum4wrko8JWUoG6w,2
1819,UCmqJjShC7VQCSZMi20iAv6A,2
1820,UCmrhgGM6uiMq28U4b62Zfuw,2
1821,UCmtPmMRKWWXYvRnP_DynWsg,2
1822,UCmxvElcm367-5EvGJz1Gv9Q,2
1823,UCn-sBwvnOOO4IJKz18Ft2sw,2
1824,UCn0WyyUbU8sP45C20uKsnxQ,2
1825,UCn2G1UD9sWeKpnxaEB3vsDg,2
1826,UCn2ugNXaUeIUEPS8XRSiVzA,1
1827,UCn4IPrKusTprhEL-KlCyv8Q,2
1828,UCn6m23uHa5xoNUfnA1GHEcw,2
1829,UCn7mmInccDSijbiSzo2pGFA,2
1830,UCn8TWbeYwE-P1PBih2yL71g,2
1831,UCn9EgL-MaLCkvzECiX_26OA,2
1832,UCn9mq4jXFRYm20VbDbfssgg,2
1833,UCnBGwLkIpottch2_Y-Jzlrg,2
1834,UCnBXmTJB970j9orhl-jKVsg,2
1835,UCnGaBpKo3dkTlL60fC2DFXw,2
1836,UCnItr-I_IeD9kv2zC2yLcFg,1
1837,UCnNHtSL6P4i4tdMn-ha_N-A,2
1838,UCnOQoNiym8P0g6m4O_vtUaQ,2
1839,UCnQtGM-MMr31scmM35ZqUGQ,2
1840,UCnSdypj58h5XPsXv7Wg6JIA,2
1841,UCnTsUMBOA8E-OHJE-UrFOnA,2
1842,UCnWhOuTqdqovNcvV0ABSpjQ,2
1843,UCnWxdPH63UsxEK1A1cH4TpA,0
1844,UCnbAzQhAm1VVkYSvuK56NuA,1
1845,UCnd1xA0j7DmX0KwX_m-wB0g,2
1846,UCneK2ILZFNECTI0-lF0EfJA,2
1847,UCneuQK4AkJRA1-TycLK7rUA,2
1848,UCngaF2_8dc4hrgVb7tLfsxg,2
1849,UCngcZH5y6eNsmlYuPuJarYA,2
1850,UCnirRfsGjeSpHaITy_o6prA,0
1851,UCnjQHIV47mwKwqeEqAIncBw,2
1852,UCnlkbLnuCyW9_Sn_ykj8zkg,2
1853,UCnmFc15r-fdxvxYqf5eud7g,1
1854,UCnpy6tLSx-I_9T0ldr0dHpg,2
1855,UCnq01_xIrMDYNKOGby6rmuQ,2
1856,UCnsGHf4Sy0KLyf-sW-HAARw,2
1857,UCnwDmC1EmvjpuiJQnREO_tA,2
1858,UCnxUUJhHdUd5uwMT06Ap6xw,0
1859,UCo1L317rkaWy_8pzJzk3VLA,0
1860,UCo5XmzfAqQzjMyZax5bsPwQ,2
1861,UCo7CNsoSRXu7xyuvrXDDNFw,1
1862,UCoBFsCkLm5JYQAOuDTLtZGA,1
1863,UCoBNelU-HW4zbgnbxWAUAig,2
1864,UCoBsLnHswm2HpNUCocynhlg,2
1865,UCoCx-Jabv4flSifSskoW2Qg,2
1866,UCoDXRpyI5yaI20DSZfrXcqg,2
1867,UCoDkvSobHzJcDt_1eimlmiw,2
1868,UCoG6lsYx4dhedb0ZjL2O_HQ,2
1869,UCoIqldAZx9L6zvqgoZ26wtw,1
1870,UCoKL2vTuJaybjLWxdIRV1hw,2
1871,UCoKWyKg4gK6xv3cU63ZiVOQ,1
1872,UCoKkGc1_lnZZ0NID4DSDEeg,2
1873,UCoMqr9FtoP68KEqL8QL7DCA,2
1874,UCoQ4EV0e4ktD-MOxo3yrQoA,2
1875,UCoQRXjJK7hQp-HTLZ4A42xg,2
1876,UCoRW2Rt3-NuMsIxqHQYAaeQ,2
1877,UCoSK-1H3vIiRlexHOF2ceZg,2
1878,UCoSXy8SfqDiw22iEoStK-wQ,2
1879,UCoTyfpNFkwqB-ovI4lmYbiQ,2
1880,UCoY5x3eInugz6um_k8tpArg,2
1881,UCoYH2U2R88bbQhOQeVjd-vg,2
1882,UCo_3k95NPy_N8hPwMURPRKA,0
1883,UCoafUIbFV8mkQ2BREqdYg1w,2
1884,UCoayVJj2bEhRj8yYMfgGOcA,1
1885,UCoc6lmQg6Nspr4GyPNvLhcA,1
1886,UCof9pEiisCYnlRgAD-qAEeg,2
1887,UCoggsP2yCV1NRjDoUz1FfNg,0
1888,UConxD7SH3yt7rpJgNGnjEyA,2
1889,UCosHWgmxmd--pibdvkyq-bA,2
1890,UCouQQvwgmUu6BNiDb-W6p_w,2
1891,UCow2v6x8TTxDj6R7fu2mnYA,2
1892,UCow6bIt7mjn09f0uALc2DiA,2
1893,UCowC2FFlHAko23ViZ5cTlpQ,1
1894,UCozdfxd0Z7EwZFnZpBkl9Pw,2
1895,UCp0npKPIYt-0IEVCOCCG8oQ,1
1896,UCp1SgkMouW-pgIcQ5_mhElA,2
1897,UCp5xFNCy7oSSwUMbbPGpt6w,2
1898,UCpAOjdWs20ehQYQfZo4ueoA,0
1899,UCpBP0eoUJIImPogiiyINLOA,2
1900,UCpBadEPzm5mMr9asYCRKmQA,1
1901,UCpEyLDarbFjfaWvA_IYmuqA,2
1902,UCpHq-DNp3Ydh1LDO2VbHAxQ,2
1903,UCpLwVQ_tMBUF4Qz0G2Z5GeQ,2
1904,UCpMlDzm4rUpiOliYWt9VnQQ,2
1905,UCpNHTuxb1cwGwlR2sc0PBJg,2
1906,UCpNh98-cxoq9rU_djmINsVA,2
1907,UCpSNSvthLlXC5ZH0vhp0fCg,2
1908,UCpU_MgCWolyzMKPr-a2fg9g,2
1909,UCpVxCz6seEVlyj1EqpAn--Q,2
1910,UCpXvJ12xKkwP6JsQUJBWg3g,2
1911,UCpYMCaXmyjV-M3q5MPAqjZw,2
1912,UCpYNSBwKuD1iFNbhLaaDcpA,1
1913,UCpbI0FXojR3r8tENJHnN8NA,2
1914,UCpejSE--Nm_kREsHeE_jwWQ,2
1915,UCpgOMnfLdNeYM9nxnKfc-GA,1
1916,UCpgYgeDuSWGo3FGm3KbIGew,0
1917,UCpgiZ9MALxThzkW2-rTGvsQ,1
1918,UCpkxtniEK3KimQO-j1ol9uA,1
1919,UCpnQcbwjmwUeHdNzov4ViLQ,2
1920,UCpoUWDJ5q9ZSJBPCi7Xdf0A,0
1921,UCprKaJbuu1b7drwzUoB9ztg,2
1922,UCprxOQsFcpIpfjkG5rsoRzg,1
1923,UCps9hadNIRzPz5ZDBi08Uxg,2
1924,UCptSgS9Paf9gfYAwmTO81wA,0
1925,UCpvXYf68_-BNNv4EkCowjlA,2
1926,UCpzAQMg32jeIRukvkXExM-w,1
1927,UCq0T2dZlpkFIxeU3fBTq24Q,2
1928,UCq3hT5JPPKy87JGbDls_5BQ,2
1929,UCq6BUhdl_ET4vHQteGldo5g,1
1930,UCq6MMpLRbpckrGMQzAEeatA,2
1931,UCq7g6CPOb2v78H4m0cYR0tw,2
1932,UCqBZYRCjgtkRK4vHGONhtuw,2
1933,UCqChwvEGqFP8w3Jyi-UCaEQ,0
1934,UCqDnyq3mKLkyr-7c3So4whQ,1
1935,UCqE8l1VxHck7pQKlO2MoPQg,2
1936,UCqF1A_emSeBwbJNPDxMSENg,2
1937,UCqJRpuVMiiuKkH70ryJz50Q,2
1938,UCqLjPZYmGzs8kpL7JXwUbFg,2
1939,UCqNHxO1L3WeMkfzflmZegKw,0
1940,UCqOVF9WrX8LUweboXbCdQfA,0
1941,UCqOl2D1nL0gRaJvN4V4Hi6g,2
1942,UCqP40OmYTxYD2JsI_4CxwBw,2
1943,UCqR9Dz3DaCadf3_AxXtZCDA,2
1944,UCqRScyg7JsJSAkNWI6eYxaA,2
1945,UCqSKq9A4t7HMfM1Zs4mf0IA,2
1946,UCq_Yt6tl4crKp6fLVQaupLg,1
1947,UCqbGhm0se47XfVTtnCINPaQ,2
1948,UCqcF4hBpY_nOstc5V1tDrgA,2
1949,UCqcyu1vJtclyeOYCHIjuONA,2
1950,UCqdBcNzIhDbvyTLkEdRuuFw,1
1951,UCqdjyWktZW78IfMyaNK0AKA,1
1952,UCqeKYExzcmT-asXwY8qjuhA,2
1953,UCqfEeuvOAzL7nZpkIhkFAIQ,2
1954,UCqg152Jjr-5eEav_TG53JwQ,2
1955,UCqjKRWrHKCwWOUwnRtnpNbg,1
1956,UCqlqBQ2WEEWx2tW6d5b39rA,2
1957,UCqmOmA1KMzS_KbNJNlF4_iQ,1
1958,UCqmPk96rwSUtTfbN1t_smVg,1
1959,UCqnaOwkAlGUeX0Ui1GqLviQ,1
1960,UCqnzK9FlHeefNSD0--iOubw,1
1961,UCqq3CbF_puAzls9dUJr1eWA,2
1962,UCqsqgXmNE5VR25ZNws1_FwQ,0
1963,UCqtgE-aYTVJmcC_e-o3CL8A,1
1964,UCqvM4xSH1ZEMAA-j2RgvHKg,2
1965,UCqwUtzpJLB-KQHS6ZyBx4_w,2
1966,UCqwX8kYcO_HoNhJ6VtcWUxA,2
1967,UCr372edeqtpVreGNUyI_FKw,2
1968,UCr5D3kTL5xoDNJWvID79AzQ,2
1969,UCr5xdLUNMs-3FsJU-JhrrmA,0
1970,UCr93WoMZMzNJju1k2VORM-A,2
1971,UCrC-b5suGzHRtGdu_ldoE8w,2
1972,UCrDWAfge0d_3M2uUijSlrDw,2
1973,UCrITPd4rpsfvLyKKikZWXCg,1
1974,UCrJxgw3trn5pwGQtfB-ua8Q,0
1975,UCrRDi_5N6L5d22gg_Yr-2IQ,2
1976,UCrRVfLJzfkB_Dj_3vC95IaQ,2
1977,UCrRccmp_O_aC3i0N2AZjUJA,2
1978,UCrSY4QCoYBHCKO881kdjjJw,2
1979,UCrUbzo4NA1YLCGqOhdOaO6g,1
1980,UCrXmTUJK7yTuTD4o5xxzr_w,2
1981,UCrYLnB-eAeZ2N8AKNGLTSNA,2
1982,UCrZerrpGgfvl1iReGew3ZiA,2
1983,UCrd2kam2vV8C1friGwETd8A,2
1984,UCrfMSKVcHVCcpNRdvSXRWLQ,2
1985,UCrfRJHDnSLsNZgzpvIwNYag,2
1986,UCrg9CsMAOBSAwjElC4fDcZw,2
1987,UCriDdVs9nZfpwWkuZ-ExIVw,2
1988,UCrkxvHMxA2VXbOpTzKyha8Q,1
1989,UCrm6hnGNAS9OHG1__KEyJiQ,1
1990,UCrmS8Y2gpljaVEwpPl-b6sQ,1
1991,UCrn1CXXZ8dnM7AvTnHK3MEQ,1
1992,UCroe3DXCbpjx8NmnUqAw9Kw,2
1993,UCrolgZrMA2QHkwmT82SbgEw,1
1994,UCrrZ-snBIcEvWGmuZS1aCDQ,2
1995,UCruPPedJQwI0nwXl1Kg58LA,2
1996,UCrvd9g-zOV1LIRvhLu4pz2w,1
1997,UCrxF49Uxck1KvqRFM4fhEZA,1
1998,UCryTvlkX5IyvbRpf6zf4TWw,2
1999,UCryf6977EPszMoK5rPev0iA,2
2000,UCrz7k1OZbvvpCHNRuxxbzmg,1
2001,UCrzS5OxgnrTg5yM-5EoxuAA,2
2002,UCs0osWybjDgMqWWYPCv1Ryw,2
2003,UCs12xTuLe46-BCe2U8L6G-Q,1
2004,UCs1Vxd8HqCYlPSs0fEzpN8Q,2
2005,UCs6QjytHfJ0CW3OuL02u8ew,2
2006,UCs7NQccWWovFBQJCmD0cc-A,2
2007,UCs7kYmQmmSwBEM5wZ1mFg_w,2
2008,UCsDA7H4aGq7BCW_Yc3fNfKQ,2
2009,UCsDbzP7uTMqGZa2fKDVzrEQ,1
2010,UCsEk35Zf8-jst1xFYUn2blg,2
2011,UCsFWGXnaGhV9L_yxs1PYCWA,2
2012,UCsGpDKMoprhX-AaKSDINLmA,2
2013,UCsIKV7KzMvuhQjQdwHy5cvQ,2
2014,UCsJQSGg2EEyEhHhqrtEGzfg,2
2015,UCsLM_so1gSOCQeeQZnIgtCQ,2
2016,UCsLrMGwJojhaWOrBSPV-gzg,2
2017,UCsLwdIriSzX9R3Muz1SBuZA,1
2018,UCsOHGIt3jn5b1-_j5RNvA2Q,1
2019,UCsPIR86g2c9YGUKxZ8Oe5-Q,2
2020,UCsScXviKD9rWxAs-TXjJNIw,2
2021,UCsTS-4gejDbJriAqLAkWopQ,2
2022,UCsUxnnbme7hC4GK9wnz7Rqg,2
2023,UCsV991FCc_7Ak5YZDelTWPg,1
2024,UCsWFyJ87FDWxxxWw1BOIwPA,2
2025,UCsZa3TabcALt2L7HYZGc6uQ,2
2026,UCs_89QZ6UPGHVgNZSf81-rQ,1
2027,UCs_j0k1Su0lhJhWZnZO2EMA,2
2028,UCsb9kv3gJvlQparS_K7_xlA,2
2029,UCse_FoemmZ8O1wSlXprhNMA,2
2030,UCseh2Rz5q0VFA6BHT0LZpHQ,1
2031,UCsflEIILHZ6Nb1aFsXzRAhw,0
2032,UCsizcbsXeH_GreMOMmZLaLQ,2
2033,UCsmsBX0aW-ozkUI5Svnxtbw,2
2034,UCspU8-pY_Zjb0PUtUcbDxuw,2
2035,UCsrWFZzGsoLWbJxr6zV8AMw,2
2036,UCsriorC78uk7gt5Ri92Eidw,2
2037,UCsryc9NIVekeN5R2iLSSzxQ,2
2038,UCssbFyrcPegdYoSF94eNt7g,2
2039,UCsxYHogcRJlu-xXFjggC0JA,2
2040,UCsxxZl0m0Yqyhdzls5jgTkA,1
2041,UCsyhHm5HEMZ4cbTS_R8zY4w,2
2042,UCt0djgGqAKqqqOKswrN5sTw,2
2043,UCt24nvrgJ_jGLMHirSKa3IQ,2
2044,UCt3t93xilu4Qs5LYOTSTfTg,2
2045,UCt6OiORumso1FlAYbQYsiwg,2
2046,UCt7rS2eWUJ94U2EJLsIuFYQ,2
2047,UCt8c9_ud5k_vvRNrDch6Dyw,2
2048,UCt96iE87j6Wr6RjCVxQVZ1A,2
2049,UCtC-jz0Jd3KYW10wjsHQzoQ,2
2050,UCtIazBAxhQSwKB1OnpfVJqA,1
2051,UCtIqmPTGG6fxdgZHuSzZEhQ,2
2052,UCtKnzq3Z1wX3G8fWRUlGdvA,2
2053,UCtL2KAbv5A-WoZNfVN0kf-A,2
2054,UCtLxWUbt0O3QhoJPJz7Ht2A,1
2055,UCtPPbjaLnMw95XmY3AlHfYw,2
2056,UCtPrL0rqSZsefcx-krJQruQ,2
2057,UCtWEyK8ZPHwOSCKhG8jB7Eg,2
2058,UCtY7k9P12yGOs5MWcEPlH0w,2
2059,UCtY7knebyx33zYlscctZ4-A,0
2060,UCtdFxcqnuXjX7_mE4VngqKQ,0
2061,UCtdikJnNrCMsQ0oiVK-6HXA,2
2062,UCte-6pXrH40dWuvgyqW1ebw,2
2063,UCte3dofgRODazir7pwW07SA,2
2064,UCteLJPCUOGiZOFF4m3zDdOQ,2
2065,UCtfXgNnA-QcxjHJjk5wXLFg,2
2066,UCtiX0YdYH0GHXAY74tmX7zQ,2
2067,UCtiq6FTXiFKQm-wqMuRijgA,2
2068,UCtiuggbHNqqxfcdkn8xsOag,2
2069,UCtkUh-Pm9pBlkZ12CeID7FQ,2
2070,UCtlCgOtWPF-xzOlwG1yQUxg,2
2071,UCtm5JVgJHiUElnymGV4tctQ,2
2072,UCtmDsoGWWyhqKmtiQN8yBCQ,2
2073,UCtsSvN9wxNYpJzq4ZaroOGw,0
2074,UCtxg2OZ6RJ1VylsUebGDmCw,2
2075,UCtyb_0ssJ-MaTMwLgPYx9yw,0
2076,UCu0q_vc9szCaz3U6l1yJrUg,2
2077,UCu0wVc9Vm-k904ogzz3d_nA,1
2078,UCu2dzlIm1J3ZPtqZuSzdnOg,1
2079,UCu3XIztjOU2tJmeqk7xzU8A,2
2080,UCu8ucb1LRJd1gwwXutYDgTg,2
2081,UCuF5EptrlQcE_hAJQWQMPuQ,1
2082,UCuGAccKAO0csFFZSAavlXyg,0
2083,UCuHXrbMn2Odyv-Pu5ZcaJEA,0
2084,UCuKeg_M5v6LF9bYPUU7pY3w,1
2085,UCuSufallTQA3yo-CK6ApFVg,2
2086,UCu_N2RkYnXSAAD7PkDjX5og,2
2087,UCubsL2GCe1uXS6e_aIvkEeQ,2
2088,UCug0-_7_RLT5-AeSPPQ1RMg,2
2089,UCug2mkKCiNYqVgQe1e97AVQ,2
2090,UCui_Y23dqnwaOCWpztS9UJA,2
2091,UCujhU3BzUoZUAKS4YnUuUbw,2
2092,UCujheaRYZISVGMBqafhRXyQ,1
2093,UCukh6V6aqh1ySuDCNMRZPfw,1
2094,UCuoHtej-TJJEvklHnn2sgdQ,2
2095,UCuo_tlEiBFpYy5wxje6cG1w,1
2096,UCurXipe2ktB7OzMOXre7ARw,2
2097,UCus0QsHMDfdiNuAz7hZ9dmw,2
2098,UCuv5YtsDIvxR5fgZj61kvhQ,2
2099,UCuvm0CH9fF7w6j7qhwr3IUw,2
2100,UCv1P1PtTrx3Fnisrl9SHByA,1
2101,UCv1Y65JRLkRurBXEBcaQmLw,1
2102,UCv3SeMcqld2wZ9gi78r-ttw,2
2103,UCv4iweqanGpxU4kShpyoXOw,2
2104,UCv8DVwVNSJ1imVrywfG2Rqw,0
2105,UCvFWBfjYb3Pn4U1DEWWAZiw,1
2106,UCvG-kwMpai6uFJaUgW0M0_g,2
2107,UCvIlYDzCWr4snWb7EZ8AtwQ,2
2108,UCvKJwa4HUOieBIyPgfDtMEQ,2
2109,UCvMF81rbveelF53kZkSFXJA,1
2110,UCvMOwp6oc5ME3zmeJtsqg_w,2
2111,UCvN9Z7-lbjVW6M4HdMQNZ7A,2
2112,UCvNHVhT5JiS48j1IE44srXw,2
2113,UCvRHpgnQ6hkbdP9DP2t_bvg,2
2114,UCvRZ-w22zvIG2nUqRN2yNXw,0
2115,UCvSiN2c5Z939vINAuq7YkLw,1
2116,UCvT-h_qTDEsRWvrUyKkkp3g,1
2117,UCvV17RlXyhyg_ndGe41a-Aw,2
2118,UCvVUbXzeUefkyJrwLqtb8OA,1
2119,UCv_t_lnpcKkEIzqQegJPXcQ,1
2120,UCvaG6745jaYRj7XEOA8-8sA,1
2121,UCvaezClbe4dR9BaBtEdTwAg,2
2122,UCvb-QO5zm3w1RKsxWCfuzeQ,2
2123,UCvmmnZ1eFl7uioyWXweBESw,2
2124,UCvnB4TrliAT25JRtYl9k4mQ,2
2125,UCvpn7yFEvd--qCvqDOYULjQ,0
2126,UCvprsFO89ehnESTa6WcifLg,2
2127,UCvs9WHOUtUrjk_QYa3l7OOA,2
2128,UCvt5tRvMKtmuZ0tH8LNK0Vw,2
2129,UCvuWV6t8ImLFRX6cYLAwKTA,2
2130,UCvurcHFHsnYw7rjCQ_NzpKA,2
2131,UCvuukuDwsTkpII4OjeDZ8FQ,2
2132,UCvv3_6hJfZhB9opRT569lSQ,2
2133,UCw-DralZ3S4iE3zOcBf3irA,2
2134,UCw-zZXykRgDupbjrFRobSvA,2
2135,UCw0S7p3kaMOcyHE8NscwrZg,2
2136,UCw1HXummXtmbSRUJ4xdOOAw,1
2137,UCw2W2x1t_eNWsiQDJ8iz8hQ,2
2138,UCw2ikkQAy0w_A6eE12E3ACA,2
2139,UCw8_bi1G4duPevdfktipGOA,2
2140,UCwAxCn9UctXbrgFZMeDSyuw,2
2141,UCwEvRQgDT5tY02MOlcbQeaQ,2
2142,UCwGVNXK9R8B8tHAl6RU0weA,2
2143,UCwGhX-N_oG6jdTcAwNR5B0w,1
2144,UCwHLZfVBYXmjL9ElkzLlkvA,2
2145,UCwISxQH7Jjdbxdg2ZKaUVBw,2
2146,UCwLgqxXTAAnGICCNMIldxSQ,2
2147,UCwMspONz0YVvWJLO8C8XzxA,2
2148,UCwN5EEtJXsy96ctL8VpIz8w,1
2149,UCwN81GEmCE1i8vMNJ3kExDQ,2
2150,UCwNbip79_iqhej4mQRXVxJw,1
2151,UCwO1p55S3odLOmlZ0xXt38A,2
2152,UCwP4Jb5nthNVWlMvy-QdxBA,2
2153,UCwPcl_4AtTLslXUSprlSxag,1
2154,UCwQN8m4-WQLLYNui8hqSL_w,2
2155,UCwUjSDCfjCrXrWsBFKMn2ug,2
2156,UCwXaTLrAswxct3hlbqptoIQ,1
2157,UCwYNREMlor19VVjuDKpV7vQ,2
2158,UCwYWIicBjlQ7vLNSNMuuMLA,1
2159,UCwZ3cZtYrx0mRSG9c9dIhYQ,0
2160,UCwZq7eGqRMwY2gf7k9DcnXA,2
2161,UCw_0cz1iEqcPFy5KiOgybvw,1
2162,UCwfY1mvyloP-P-VyMzh09og,1
2163,UCwggwmyKMGA6AiaJsmEWTIw,2
2164,UCwiMLnopAgcTFeszLEQ2O4g,2
2165,UCwlfIgp_p6miQORNsu78dig,2
2166,UCwmH3pJ-8O_iDp-ke6oejZw,2
2167,UCwnpVz3Cj_772-poL0vq4yA,2
2168,UCwoAOOIdPBMYe4kyRX1cURA,2
2169,UCwviqKTZbqdkbxkJk8xUiMA,2
2170,UCwxE_rBkv3ZZnpe7DId3xtQ,2
2171,UCwxv6j4bbL5y3DRHJcJ2dqg,2
2172,UCx-FWMOYY8lRBF7gG8NT14Q,2
2173,UCx11B9fPQ_3gGblqffghVgg,2
2174,UCx4GuPDTMSSF0mJmJpNYbBA,1
2175,UCx4e-oILfmS_024KkgCUtOw,2
2176,UCx67N704iaCL16xp6I1KU8g,2
2177,UCx6Co_azLc2GqG_8CW75KvA,2
2178,UCx9tq-_XLgt_tJnrQ2w6ApQ,2
2179,UCxDvtzeE3rAoQlWkpCllq6w,2
2180,UCxExif1LUICkTsHchCc5SSg,1
2181,UCxJekbdxgMRJnC8jvpZIcpg,1
2182,UCxJsKppglu9DEQ1QLlnousA,2
2183,UCxNywVjkuWydX6EMn__6zSw,0
2184,UCxO1fDQ7wZXljXtyIdPs_jw,2
2185,UCxV89tFhaH9Rv_jmZ7Q6mEw,2
2186,UCxYeA6nCVK-DhNnViawlczQ,2
2187,UCxZx7u4BAbjG2h0VfK5HrlA,2
2188,UCx_4pyzztvxWcKrz8-HHCTA,1
2189,UCxa07KbkIghIRfHhv81iGwA,2
2190,UCxa18JmsipUydsOHrPZsFSg,2
2191,UCxa8vgRK5BRYjWIhUSaR27g,2
2192,UCxb0mX3Wp6I9YSBngxpSULw,2
2193,UCxbHR4Ijofc39D0k3dWnoBw,2
2194,UCxcB6a5CLb2EuywEKNjgKkw,1
2195,UCxe1X7wCZaczDeI4-yi5CyA,2
2196,UCxeDQe1wZvR2qjxbxSxYjHg,2
2197,UCxfFXCAWYlHUYuwiTTBAhMA,2
2198,UCxoFoMixzRWB7lrcV2EsEBw,1
2199,UCxoZmBnJerSCbfw2fedAx3Q,2
2200,UCxq1ZkQgDKzv5PBUYRIaIVA,2
2201,UCxsfnCI9D6urQvGOh0COXkQ,0
2202,UCxtLu_DNdJrQCF8K--ApMmA,2
2203,UCxuP543w80L85pgKisbdf9A,2
2204,UCxyDYRAwpvSbwRNpQcrsZRQ,2
2205,UCxyN0sb3RrKk2vA2TRzAMBA,1
2206,UCxyj_zX_Yl-s0oVdx5HLJ9w,2
2207,UCxzgggAkhw_WNfW32xi5vMQ,1
2208,UCy-MBeMGX1OJOz0QfOCOanQ,1
2209,UCy2CnWemgpuxdZekbj-8trA,2
2210,UCy6gOD3JPZPYtBeqNTRCmAg,2
2211,UCyDN4pSJWFSyUEQYu3hsJaQ,2
2212,UCyJIPiPkYShxf8ZPa4JVqdA,2
2213,UCyKK14YRv_amlwViz_jkHvw,1
2214,UCyLwiBhe-qq7C_6ubbHyD6w,2
2215,UCyM1xTTbQ9wMZdvvkSswy9A,2
2216,UCyOO0RGKdqgvWkmgE6TvIXQ,2
2217,UCyOt82Hy7Grb0UbEWowrhvw,1
2218,UCyTr70PrcMULDQsCO4NyRxQ,1
2219,UCyW6qOx7PmvEXlaGE6NPLwg,2
2220,UCyXN6SLjGAIj9Mbmi7_jN-A,2
2221,UCyXsij3XxTB6L8_me6GqHew,2
2222,UCyYLQBGkuokHUtu30d15DqQ,2
2223,UCydiP8cIhiJlBPL8wkWD1tQ,2
